floweringTime,fruitRipeningTime,seedDispersalTime,pdfTableNumber,pdfPageNumber,genusName,colorRipeFruit,matureHeight,yearFirstCultivated,location,fruitDropMonth,locationElevation,growthHabitMaximumHeight,flowerColor,floweringHabit,coneRipeningTime,origin,seedLength,diamOfRipeFruit,cleanedSeedWtKg,cleanedSeedWtLb,fruitSeedRipeningTime,minSeedBearingAge,yearsBetweenSeedProd,species
Mar-June,Sept-Oct,Oct-Nov,3,206,Acer,NA,NA,NA,NA,NA,NA,NA,NA,NA,NA,NA,NA,NA,NA,NA,NA,NA,NA,circinatum
Apr-June,Aug-Sept,Sept-Jan,3,206,Acer,NA,NA,NA,NA,NA,NA,NA,NA,NA,NA,NA,NA,NA,NA,NA,NA,NA,NA,ginnala
Apr-June,Aug-Oct,Sept-Feb,3,206,Acer,NA,NA,NA,NA,NA,NA,NA,NA,NA,NA,NA,NA,NA,NA,NA,NA,NA,NA,glabrum var. glabrum
Apr-May,Sept-Oct,Oct-Mar,3,206,Acer,NA,NA,NA,NA,NA,NA,NA,NA,NA,NA,NA,NA,NA,NA,NA,NA,NA,NA,macrophyllum
Mar-May,Aug-Oct,Sept-Mar,3,206,Acer,NA,NA,NA,NA,NA,NA,NA,NA,NA,NA,NA,NA,NA,NA,NA,NA,NA,NA,negundo
May-June,Aug-Sept,Sept-Oct,3,206,Acer,NA,NA,NA,NA,NA,NA,NA,NA,NA,NA,NA,NA,NA,NA,NA,NA,NA,NA,palmatum
May-June,Sept-Oct,Oct-Feb,3,206,Acer,NA,NA,NA,NA,NA,NA,NA,NA,NA,NA,NA,NA,NA,NA,NA,NA,NA,NA,pensylvanicum
Apr-June,Sept-Oct,Oct-Nov,3,206,Acer,NA,NA,NA,NA,NA,NA,NA,NA,NA,NA,NA,NA,NA,NA,NA,NA,NA,NA,platanoides
Apr-June,Aug-Oct,Sept-Nov,3,206,Acer,NA,NA,NA,NA,NA,NA,NA,NA,NA,NA,NA,NA,NA,NA,NA,NA,NA,NA,pseudoplatanus
Mar-May,Apr-June,Apr-July,3,206,Acer,NA,NA,NA,NA,NA,NA,NA,NA,NA,NA,NA,NA,NA,NA,NA,NA,NA,NA,rubrum
Feb-May,Apr-June,Apr-June,3,206,Acer,NA,NA,NA,NA,NA,NA,NA,NA,NA,NA,NA,NA,NA,NA,NA,NA,NA,NA,saccharinum
Mar-May,Sept-Oct,Oct-Dec,3,206,Acer,NA,NA,NA,NA,NA,NA,NA,NA,NA,NA,NA,NA,NA,NA,NA,NA,NA,NA,saccharum
May-June,Sept-Oct,Oct-Dec,3,206,Acer,NA,NA,NA,NA,NA,NA,NA,NA,NA,NA,NA,NA,NA,NA,NA,NA,NA,NA,spicatum
NA,NA,NA,2,1014,Sambucus,NA,NA,NA,NA,NA,NA,NA,NA,NA,NA,NA,NA,NA,NA,NA,NA,NA,NA,nigra
June-July,July-Sept,Aug-Oct,2,1014,Sambucus,NA,NA,NA,NA,NA,NA,NA,NA,NA,NA,NA,NA,NA,NA,NA,NA,NA,NA,nigra spp. canadensis
May-July,Aug-Sept,Aug-Oct,2,1014,Sambucus,NA,NA,NA,NA,NA,NA,NA,NA,NA,NA,NA,NA,NA,NA,NA,NA,NA,NA,nigra spp. cerulea
Apr-July,June-Aug,June-Nov,2,1014,Sambucus,NA,NA,NA,NA,NA,NA,NA,NA,NA,NA,NA,NA,NA,NA,NA,NA,NA,NA,racemosa var. racemosa
May,Aug-Oct,NA,2,714,Malus,Red or yellow,12.2,1784,NA,NA,NA,NA,NA,NA,NA,NA,NA,NA,NA,NA,NA,NA,NA,baccata
Mar-May,Sept-Nov,NA,2,714,Malus,Yellow-green,9.2,1724,NA,NA,NA,NA,NA,NA,NA,NA,NA,NA,NA,NA,NA,NA,NA,coronaria
May,NA,NA,2,714,Malus,Red or yellow,3.6-10.0,1862,NA,NA,NA,NA,NA,NA,NA,NA,NA,NA,NA,NA,NA,NA,NA,floribunda
NA,Oct-Nov,NA,2,714,Malus,Green-yellow to yellow & red,8-12.2,1836,NA,NA,NA,NA,NA,NA,NA,NA,NA,NA,NA,NA,NA,NA,NA,fusca
May-June,Sept-Oct,NA,2,714,Malus,Greenish waxy,NA,1885,NA,NA,NA,NA,NA,NA,NA,NA,NA,NA,NA,NA,NA,NA,NA,ioensis
May,Aug-Oct,NA,2,714,Malus,Yellow to red,15.4,Ancient times,NA,NA,NA,NA,NA,NA,NA,NA,NA,NA,NA,NA,NA,NA,NA,pumila
Apr-May,NA,NA,2,714,Malus,Red or yellow-green,NA,1815,NA,NA,NA,NA,NA,NA,NA,NA,NA,NA,NA,NA,NA,NA,NA,X robusta
NA,NA,NA,2,714,Malus,Red,1.8-2.5,NA,NA,NA,NA,NA,NA,NA,NA,NA,NA,NA,NA,NA,NA,NA,NA,sargentii
May-July,Aug-Sept,Aug-Sept,3,988,Rubus,NA,NA,NA,NA,NA,NA,NA,NA,NA,NA,NA,NA,NA,NA,NA,NA,NA,NA,allegheniensis
June-July,July-Sept,July-Sept,3,988,Rubus,NA,NA,NA,NA,NA,NA,NA,NA,NA,NA,NA,NA,NA,NA,NA,NA,NA,NA,canadensis
June-Aug,July-Oct,Sept-Oct,3,988,Rubus,NA,NA,NA,NE US,NA,NA,NA,NA,NA,NA,NA,NA,NA,NA,NA,NA,NA,NA,laciniatus
June-early Sept,Mid-Aug-Oct,Aug-Oct,3,988,Rubus,NA,NA,NA,NA,NA,NA,NA,NA,NA,NA,NA,NA,NA,NA,NA,NA,NA,NA,hispidus
June-Aug,Aug-Sept,NA,3,988,Rubus,NA,NA,NA,Washington,NA,NA,NA,NA,NA,NA,NA,NA,NA,NA,NA,NA,NA,NA,procerus
June-July,Aug-Sept,Oct-Nov,3,988,Rubus,NA,NA,NA,Pacific Coast,NA,NA,NA,NA,NA,NA,NA,NA,NA,NA,NA,NA,NA,NA,ursinus
Late May-July,Late June-Oct,July-Oct,3,988,Rubus,NA,NA,NA,Rangewide,NA,NA,NA,NA,NA,NA,NA,NA,NA,NA,NA,NA,NA,NA,idaeus
Apr-June,June-Aug,June-Aug,3,988,Rubus,NA,NA,NA,NA,NA,NA,NA,NA,NA,NA,NA,NA,NA,NA,NA,NA,NA,NA,occidentalis
May-June,June-Aug,June-Aug,3,988,Rubus,NA,NA,NA,Alaska,NA,NA,NA,NA,NA,NA,NA,NA,NA,NA,NA,NA,NA,NA,spectabilis
Apr-May,May-July,June-July,3,988,Rubus,NA,NA,NA,Oregon-Washington,NA,NA,NA,NA,NA,NA,NA,NA,NA,NA,NA,NA,NA,NA,spectabilis
June-July,July-Aug,Aug-Sept,3,988,Rubus,NA,NA,NA,Boreal North America,NA,NA,NA,NA,NA,NA,NA,NA,NA,NA,NA,NA,NA,NA,chamaemorus
June-Sept,July-Sept,July-Sept,3,988,Rubus,NA,NA,NA,NA,NA,NA,NA,NA,NA,NA,NA,NA,NA,NA,NA,NA,NA,NA,odoratus
May-June,June-July,July-Aug,3,988,Rubus,NA,NA,NA,Pacific Northwest,NA,NA,NA,NA,NA,NA,NA,NA,NA,NA,NA,NA,NA,NA,parviflorus
May,July-Aug,NA,2,730,Morus,NA,NA,NA,E US,NA,NA,NA,NA,NA,NA,NA,NA,NA,NA,NA,NA,NA,NA,alba
May,June-Aug,NA,2,730,Morus,NA,NA,NA,Nebraska,NA,NA,NA,NA,NA,NA,NA,NA,NA,NA,NA,NA,NA,NA,alba
Apr,Late May-June,NA,2,730,Morus,NA,NA,NA,Oklahoma,NA,NA,NA,NA,NA,NA,NA,NA,NA,NA,NA,NA,NA,NA,alba
Apr-May,June-Aug,NA,2,730,Morus,NA,NA,NA,SW US,NA,NA,NA,NA,NA,NA,NA,NA,NA,NA,NA,NA,NA,NA,microphylla
Apr-May,June-Aug,NA,2,730,Morus,NA,NA,NA,E US,NA,NA,NA,NA,NA,NA,NA,NA,NA,NA,NA,NA,NA,NA,rubra
Mar-Apr,Sept-Oct,NA,2,745,Nyssa,Dark purple,NA,NA,NA,Oct-Dec,NA,NA,NA,NA,NA,NA,NA,NA,NA,NA,NA,NA,NA,aquatica
Apr-June,Aug-Oct,NA,2,745,Nyssa,Blue-black,NA,NA,NA,Sept-Dec,NA,NA,NA,NA,NA,NA,NA,NA,NA,NA,NA,NA,NA,biflora
Mar-May,July-Aug,NA,2,745,Nyssa,Red,NA,NA,NA,Nov-Dec,NA,NA,NA,NA,NA,NA,NA,NA,NA,NA,NA,NA,NA,ogeche
Apr-June,Sept-Oct,NA,2,745,Nyssa,Blue-black,NA,NA,NA,Sept-Nov,NA,NA,NA,NA,NA,NA,NA,NA,NA,NA,NA,NA,NA,sylvatica
June-Aug June-July,July-Oct Sept-Oct,NA,2,769,Parthenocissus,NA,NA,NA,NA,Aug-Feb,NA,NA,NA,NA,NA,NA,NA,NA,NA,NA,NA,NA,NA,quinquefolia tricuspidata
Late Apr-May,Aug-Sept,NA,2,879,Prunus,NA,NA,NA,Scattered,NA,NA,NA,NA,NA,NA,NA,NA,NA,NA,NA,NA,NA,NA,alleghaniensis
Mar-May,June-Oct.,June-Oct,2,879,Prunus,NA,NA,NA,NA,NA,NA,NA,NA,NA,NA,NA,NA,NA,NA,NA,NA,NA,NA,americana
Mar-Apr,May-July,May-July,2,879,Prunus,NA,NA,NA,NA,NA,NA,NA,NA,NA,NA,NA,NA,NA,NA,NA,NA,NA,NA,angustifolia
Feb-Mar,May-June,NA,2,879,Prunus,NA,NA,NA,California,NA,NA,NA,NA,NA,NA,NA,NA,NA,NA,NA,NA,NA,NA,armeniaca
Mar-Apr,July,July-Aug,2,879,Prunus,NA,NA,NA,USSR,NA,NA,NA,NA,NA,NA,NA,NA,NA,NA,NA,NA,NA,NA,armeniaca
Apr-May,June-July,NA,2,879,Prunus,NA,NA,NA,NE US,NA,NA,NA,NA,NA,NA,NA,NA,NA,NA,NA,NA,NA,NA,avium
Mar-Apr,Sept-Oct,NA,2,879,Prunus,NA,NA,NA,SE US,NA,NA,NA,NA,NA,NA,NA,NA,NA,NA,NA,NA,NA,NA,caroliniana
May 12,July 15-Aug 10,NA,2,879,Prunus,NA,NA,NA,"Geneva, New York",NA,NA,NA,NA,NA,NA,NA,NA,NA,NA,NA,NA,NA,NA,cerasifera
May 12,Aug,NA,2,879,Prunus,NA,NA,NA,USSR,NA,NA,NA,NA,NA,NA,NA,NA,NA,NA,NA,NA,NA,NA,cerasifera
Apr-May,June-July,NA,2,879,Prunus,NA,NA,NA,NA,NA,NA,NA,NA,NA,NA,NA,NA,NA,NA,NA,NA,NA,NA,cerasus
May 8-18,June-July,NA,2,879,Prunus,NA,NA,NA,"Geneva, New York",NA,NA,NA,NA,NA,NA,NA,NA,NA,NA,NA,NA,NA,NA,cerasus
May 12-21,July 15-Oct 1,NA,2,879,Prunus,NA,NA,NA,"Geneva, New York",NA,NA,NA,NA,NA,NA,NA,NA,NA,NA,NA,NA,NA,NA,domestica
May,Aug,NA,2,879,Prunus,NA,NA,NA,USSR,NA,NA,NA,NA,NA,NA,NA,NA,NA,NA,NA,NA,NA,NA,domestica
Late Apr-May,Aug-Sept,NA,2,879,Prunus,NA,NA,NA,US & Canada,NA,NA,NA,NA,NA,NA,NA,NA,NA,NA,NA,NA,NA,NA,domestica var. insititia
May 16-21,Aug 20-Oct 1,NA,2,879,Prunus,NA,NA,NA,"Geneva, New York",NA,NA,NA,NA,NA,NA,NA,NA,NA,NA,NA,NA,NA,NA,domestica var. insititia
Mid Feb-Mar,Late Aug-Oct,NA,2,879,Prunus,NA,NA,NA,California,NA,NA,NA,NA,NA,NA,NA,NA,NA,NA,NA,NA,NA,NA,dulcis
Apr-June,July-Sept,Aug-Sept,2,879,Prunus,NA,NA,NA,NA,NA,NA,NA,NA,NA,NA,NA,NA,NA,NA,NA,NA,NA,NA,emarginata
Mar-May,Aug-Oct,NA,2,879,Prunus,NA,NA,NA,SE US,NA,NA,NA,NA,NA,NA,NA,NA,NA,NA,NA,NA,NA,NA,hortulana
Mar-May,Sept-Oct,Oct-Dec,2,879,Prunus,NA,NA,NA,NA,NA,NA,NA,NA,NA,NA,NA,NA,NA,NA,NA,NA,NA,NA,ilicifolia
Apr-May,July-Aug,NA,2,879,Prunus,NA,NA,NA,SE Europe & Asia Minor,NA,NA,NA,NA,NA,NA,NA,NA,NA,NA,NA,NA,NA,NA,laurocerasus
Apr-May,July,NA,2,879,Prunus,NA,NA,NA,NE US & SE Canada,NA,NA,NA,NA,NA,NA,NA,NA,NA,NA,NA,NA,NA,NA,mahaleb
Apr-June,Sept-Oct,NA,2,879,Prunus,NA,NA,NA,Maine to Delaware,NA,NA,NA,NA,NA,NA,NA,NA,NA,NA,NA,NA,NA,NA,maritima
Mar-May,July-Sept,NA,2,879,Prunus,NA,NA,NA,NA,NA,NA,NA,NA,NA,NA,NA,NA,NA,NA,NA,NA,NA,NA,munsoniana
May 20-24,July 15-Sept 10,NA,2,879,Prunus,NA,NA,NA,"Geneva, New York",NA,NA,NA,NA,NA,NA,NA,NA,NA,NA,NA,NA,NA,NA,munsoniana
End Apr-early May,Late June-July,NA,2,879,Prunus,NA,NA,NA,Philadelphia & vicinity,NA,NA,NA,NA,NA,NA,NA,NA,NA,NA,NA,NA,NA,NA,padus
May-early June,June-Aug,Aug,2,879,Prunus,NA,NA,NA,USSR,NA,NA,NA,NA,NA,NA,NA,NA,NA,NA,NA,NA,NA,NA,padus
Late Mar-early July,July-Sept,NA,2,879,Prunus,NA,NA,NA,NA,NA,NA,NA,NA,NA,NA,NA,NA,NA,NA,NA,NA,NA,NA,pensylvanica
May 1-15,Late July-early,NA,2,879,Prunus,NA,NA,NA,"Warren Co., Pennsylvania",NA,NA,NA,NA,NA,NA,NA,NA,NA,NA,NA,NA,NA,NA,pensylvanica
Apr-May,July-Sept,NA,2,879,Prunus,NA,NA,NA,NE US,NA,NA,NA,NA,NA,NA,NA,NA,NA,NA,NA,NA,NA,NA,persica
Feb-Apr,May-Aug,NA,2,879,Prunus,NA,NA,NA,SE US,NA,NA,NA,NA,NA,NA,NA,NA,NA,NA,NA,NA,NA,NA,persica
May-July,July-Sept,NA,2,879,Prunus,NA,NA,NA,NA,NA,NA,NA,NA,NA,NA,NA,NA,NA,NA,NA,NA,NA,NA,pumila
Apr-May,July-Sept,July-Sept,2,879,Prunus,NA,NA,NA,Nebraska,NA,NA,NA,NA,NA,NA,NA,NA,NA,NA,NA,NA,NA,NA,pumila. var. besseyi
Early Apr,June-July,July,2,879,Prunus,NA,NA,NA,Central Mississippi,NA,NA,NA,NA,NA,NA,NA,NA,NA,NA,NA,NA,NA,NA,serotina
Late May-early June,Late Aug-Sept,Aug 20-Sept; rarely Nov,2,879,Prunus,NA,NA,NA,N Pennsylvania,NA,NA,NA,NA,NA,NA,NA,NA,NA,NA,NA,NA,NA,NA,serotina
Late Apr-June 10,June-Sept.,July 1-Sept,2,879,Prunus,NA,NA,NA,NA,NA,NA,NA,NA,NA,NA,NA,NA,NA,NA,NA,NA,NA,NA,serotina
Apr-May,Aug-Sept,Sept,2,879,Prunus,NA,NA,NA,USSR,NA,NA,NA,NA,NA,NA,NA,NA,NA,NA,NA,NA,NA,NA,spinosa
Mar-May,Aug-Sept,NA,2,879,Prunus,NA,NA,NA,NA,NA,NA,NA,NA,NA,NA,NA,NA,NA,NA,NA,NA,NA,NA,subcordata
Early May,Late July,Early Aug,2,879,Prunus,NA,NA,NA,"Cheyenne, Wyoming",NA,NA,NA,NA,NA,NA,NA,NA,NA,NA,NA,NA,NA,NA,tomentosa
May 10-15,July 10-15,July 15-Sept 1,2,879,Prunus,NA,NA,NA,"Bismarck, N Dakota",NA,NA,NA,NA,NA,NA,NA,NA,NA,NA,NA,NA,NA,NA,tomentosa
Mar-Apr,Aug-Sept,NA,2,879,Prunus,NA,NA,NA,SE United States,NA,NA,NA,NA,NA,NA,NA,NA,NA,NA,NA,NA,NA,NA,umbellata
Late Apr-early June,July-Oct,NA,2,879,Prunus,NA,NA,NA,E US,NA,NA,NA,NA,NA,NA,NA,NA,NA,NA,NA,NA,NA,NA,virginiana
May 10-20,Early Aug,NA,2,879,Prunus,NA,NA,NA,"Warren Co., Pennsylvania",NA,NA,NA,NA,NA,NA,NA,NA,NA,NA,NA,NA,NA,NA,virginiana
NA,Aug-Sept,NA,2,879,Prunus,NA,NA,NA,California,NA,NA,NA,NA,NA,NA,NA,NA,NA,NA,NA,NA,NA,NA,virginiana
Late Apr-early May,Late July-early Aug,NA,3,708,Mahonia,NA,NA,NA,NA,NA,"Mineral Co., Montana (975 m)",NA,NA,NA,NA,NA,NA,NA,NA,NA,NA,NA,NA,aquifolium
Mar-May,Sept-Oct,NA,3,708,Mahonia,NA,NA,NA,NA,NA,"Jackson Co., Oregon (685 m)",NA,NA,NA,NA,NA,NA,NA,NA,NA,NA,NA,NA,aquifolium
May-June,Aug-Sept,NA,3,708,Mahonia,NA,NA,NA,NA,NA,"Texas, NE US",NA,NA,NA,NA,NA,NA,NA,NA,NA,NA,NA,NA,fremontii
May-June,July -Aug,NA,3,708,Mahonia,NA,NA,NA,NA,NA,Utah & California,NA,NA,NA,NA,NA,NA,NA,NA,NA,NA,NA,NA,fremontii
Spring,June-Aug,NA,3,708,Mahonia,NA,NA,NA,NA,NA,Texas & SW US,NA,NA,NA,NA,NA,NA,NA,NA,NA,NA,NA,NA,haematocarpa
Early Apr,Mid-Aug,NA,3,708,Mahonia,NA,NA,NA,NA,NA,"Clackamas Co., Oregon (90 m)",NA,NA,NA,NA,NA,NA,NA,NA,NA,NA,NA,NA,nervosa
Mid-May,Late Aug,NA,3,708,Mahonia,NA,NA,NA,NA,NA,"Jackson Co., Oregon (990 m)",NA,NA,NA,NA,NA,NA,NA,NA,NA,NA,NA,NA,nervosa
Apr-June,July-Aug,NA,3,708,Mahonia,NA,NA,NA,NA,NA,NA,NA,NA,NA,NA,NA,NA,NA,NA,NA,NA,NA,NA,nervosa
Mar-May,June,NA,3,708,Mahonia,NA,NA,NA,NA,NA,California,NA,NA,NA,NA,NA,NA,NA,NA,NA,NA,NA,NA,nevinii
May -June,June-July,NA,3,708,Mahonia,NA,NA,NA,NA,NA,"Black Hills, South Dakota (1,830 m)",NA,NA,NA,NA,NA,NA,NA,NA,NA,NA,NA,NA,repens
Apr- May,Aug-Sept,NA,3,708,Mahonia,NA,NA,NA,NA,NA,NA,NA,NA,NA,NA,NA,NA,NA,NA,NA,NA,NA,NA,repens
NA,NA,NA,2,1079,Symphoricarpos,NA,NA,NA,NA,NA,NA,NA,NA,NA,NA,NA,NA,NA,NA,NA,NA,NA,NA,albus
June 1-July 31,Sept 1-Oct 31,NA,2,1079,Symphoricarpos,NA,NA,NA,NA,NA,Michigan,NA,NA,NA,NA,NA,NA,NA,NA,NA,NA,NA,NA,albus var. albus
May 1-Sept 30,Aug 1-Oct 31,NA,2,1079,Symphoricarpos,NA,NA,NA,NA,NA,Michigan,NA,NA,NA,NA,NA,NA,NA,NA,NA,NA,NA,NA,albus var. albus
NA,NA,NA,2,1079,Symphoricarpos,NA,NA,NA,NA,NA,Idaho,NA,NA,NA,NA,NA,NA,NA,NA,NA,NA,NA,NA,albus var. albus
June 5-Aug 5,Aug - Sept 5,NA,2,1079,Symphoricarpos,NA,NA,NA,NA,NA,700 m,NA,NA,NA,NA,NA,NA,NA,NA,NA,NA,NA,NA,albus var. albus
NA,NA,NA,2,1079,Symphoricarpos,NA,NA,NA,NA,NA,"Missoula Co., Montana",NA,NA,NA,NA,NA,NA,NA,NA,NA,NA,NA,NA,albus var. laevigatus
June 20-Aug 15,Aug 15-Sept 30,NA,2,1079,Symphoricarpos,NA,NA,NA,NA,NA,"1,000 m",NA,NA,NA,NA,NA,NA,NA,NA,NA,NA,NA,NA,albus var. laevigatus
July 1-July 30,Aug 25-Sept 20,NA,2,1079,Symphoricarpos,NA,NA,NA,NA,NA,"1,300 m",NA,NA,NA,NA,NA,NA,NA,NA,NA,NA,NA,NA,albus var. laevigatus
July 15-Aug 30,Sept 10-Oct 5,NA,2,1079,Symphoricarpos,NA,NA,NA,NA,NA,"1,650 m",NA,NA,NA,NA,NA,NA,NA,NA,NA,NA,NA,NA,albus var. laevigatus
July 25-Sept 5,Sept 25-Oct 25,NA,2,1079,Symphoricarpos,NA,NA,NA,NA,NA,"2,000 m",NA,NA,NA,NA,NA,NA,NA,NA,NA,NA,NA,NA,albus var. laevigatus
NA,NA,NA,2,1079,Symphoricarpos,NA,NA,NA,NA,NA,"Pennington Co., South Dakota",NA,NA,NA,NA,NA,NA,NA,NA,NA,NA,NA,NA,occidentalis
June 1-July 31,Sept 1-Oct 31,NA,2,1079,Symphoricarpos,NA,NA,NA,NA,NA,750 m,NA,NA,NA,NA,NA,NA,NA,NA,NA,NA,NA,NA,occidentalis
July 1-Aug 31,Sept 1-heavy frost,NA,2,1079,Symphoricarpos,NA,NA,NA,NA,NA,NA,NA,NA,NA,NA,NA,NA,NA,NA,NA,NA,NA,NA,orbiculatus
NA,NA,NA,2,1079,Symphoricarpos,NA,NA,NA,NA,NA,"Wasatch Plateau, Utah",NA,NA,NA,NA,NA,NA,NA,NA,NA,NA,NA,NA,oreophilus
June 17-June 26,Aug 20-Sept 18,NA,2,1079,Symphoricarpos,NA,NA,NA,NA,NA,"2,230 m",NA,NA,NA,NA,NA,NA,NA,NA,NA,NA,NA,NA,oreophilus
June 22-June 30,Aug 17-Sept 12,NA,2,1079,Symphoricarpos,NA,NA,NA,NA,NA,"2,576 m",NA,NA,NA,NA,NA,NA,NA,NA,NA,NA,NA,NA,oreophilus
July 2-July 8,Aug 21-Sept 26,NA,2,1079,Symphoricarpos,NA,NA,NA,NA,NA,"2,698 m",NA,NA,NA,NA,NA,NA,NA,NA,NA,NA,NA,NA,oreophilus
NA,NA,NA,2,1079,Symphoricarpos,NA,NA,NA,NA,NA,Northern Utah,NA,NA,NA,NA,NA,NA,NA,NA,NA,NA,NA,NA,oreophilus
June 5-June 10,July 15-Aug 3,NA,2,1079,Symphoricarpos,NA,NA,NA,NA,NA,"2,080 m",NA,NA,NA,NA,NA,NA,NA,NA,NA,NA,NA,NA,oreophilus
Apr-early June,Sept-Oct,Sept-winter,4,1130,Tsuga,NA,NA,NA,Southern range to northern range,NA,NA,NA,NA,NA,NA,NA,NA,NA,NA,NA,NA,NA,NA,canadensis
Mar-Apr,Aug-Sept,NA,4,1130,Tsuga,NA,NA,NA,North Carolina to South Carolina,NA,NA,NA,NA,NA,NA,NA,NA,NA,NA,NA,NA,NA,NA,caroliniana
Apr-May,Sept-Oct,Oct-May,4,1130,Tsuga,NA,NA,NA,Oregon to Washington,NA,NA,NA,NA,NA,NA,NA,NA,NA,NA,NA,NA,NA,NA,heterophylla
NA,15-Sep,Oct-June,4,1130,Tsuga,NA,NA,NA,S British Columbia,NA,NA,NA,NA,NA,NA,NA,NA,NA,NA,NA,NA,NA,NA,heterophylla
Late May-June,Sept-Oct,Oct,4,1130,Tsuga,NA,NA,NA,SE Alaska,NA,NA,NA,NA,NA,NA,NA,NA,NA,NA,NA,NA,NA,NA,heterophylla
Mid to late Apr,NA,Sept-May,4,1130,Tsuga,NA,NA,NA,W central Oregon,NA,NA,NA,NA,NA,NA,NA,NA,NA,NA,NA,NA,NA,NA,heterophylla
May 27-June 5,Aug,Sept 17-winter,4,1130,Tsuga,NA,NA,NA,Idaho,NA,NA,NA,NA,NA,NA,NA,NA,NA,NA,NA,NA,NA,NA,heterophylla
June,Late Sept-Oct,NA,4,1130,Tsuga,NA,NA,NA,Oregon,NA,NA,NA,NA,NA,NA,NA,NA,NA,NA,NA,NA,NA,NA,mertensiana
June-mid-July,Late Sept-Nov,NA,4,1130,Tsuga,NA,NA,NA,"British Columbia, Alaska",NA,NA,NA,NA,NA,NA,NA,NA,NA,NA,NA,NA,NA,NA,mertensiana
Aug,NA,NA,4,1130,Tsuga,NA,NA,NA,"Bitterroot Mtns, Idaho",NA,NA,NA,NA,NA,NA,NA,NA,NA,NA,NA,NA,NA,NA,mertensiana
May-July,Aug-Oct,Aug-Mar,2,1060,Sorbus,NA,NA,NA,NA,NA,NA,NA,NA,NA,NA,NA,NA,NA,NA,NA,NA,NA,NA,americana
May-July,Aug-Oct,Aug- winter,2,1060,Sorbus,NA,NA,NA,NA,NA,NA,NA,NA,NA,NA,NA,NA,NA,NA,NA,NA,NA,NA,aucuparia
May-July,Aug-Nov,Aug-Mar,2,1060,Sorbus,NA,NA,NA,NA,NA,NA,NA,NA,NA,NA,NA,NA,NA,NA,NA,NA,NA,NA,decora
May-July,July,July-Dec,2,1060,Sorbus,NA,NA,NA,NA,NA,NA,NA,NA,NA,NA,NA,NA,NA,NA,NA,NA,NA,NA,scopulina
June-Aug,Aug-Oct,Aug-late winter,2,1060,Sorbus,NA,NA,NA,NA,NA,NA,NA,NA,NA,NA,NA,NA,NA,NA,NA,NA,NA,NA,sitchensis
Mar-May,Sept-Nov,Jan-Apr,2,850,Platanus,NA,NA,NA,E US,NA,NA,NA,NA,NA,NA,NA,NA,NA,NA,NA,NA,NA,NA,occidentalis
May,Sept-Oct,NA,2,850,Platanus,NA,NA,NA,NE US,NA,NA,NA,NA,NA,NA,NA,NA,NA,NA,NA,NA,NA,NA,orientalis
NA,June-Aug,June-Dec,2,850,Platanus,NA,NA,NA,NA,NA,NA,NA,NA,NA,NA,NA,NA,NA,NA,NA,NA,NA,NA,racemosa
May-June,July-Sept,NA,2,972,Robinia,NA,NA,NA,NA,NA,NA,NA,NA,NA,NA,NA,NA,NA,NA,NA,NA,NA,NA,hispida
Early June,Sept,Oct-Nov,2,972,Robinia,NA,NA,NA,NA,NA,NA,NA,NA,NA,NA,NA,NA,NA,NA,NA,NA,NA,NA,hispida var. fertilis
NA,Sept,Sept-Oct,2,972,Robinia,NA,NA,NA,NA,NA,NA,NA,NA,NA,NA,NA,NA,NA,NA,NA,NA,NA,NA,neomexicana
NA,Sept-Oct,Sept-Apr,2,972,Robinia,NA,NA,NA,NA,NA,NA,NA,NA,NA,NA,NA,NA,NA,NA,NA,NA,NA,NA,pseudoacacia
May-June,June-July,July-Aug,3,1005,Salix,NA,NA,NA,Alaska-Brooks Range,NA,NA,NA,NA,NA,NA,NA,NA,NA,NA,NA,NA,NA,NA,alaxensis
Apr-May,May,May-June,3,1005,Salix,NA,NA,NA,Alaska-Tanana River,NA,NA,NA,NA,NA,NA,NA,NA,NA,NA,NA,NA,NA,NA,alaxensis
May-June,June-July,July-Aug,3,1005,Salix,NA,NA,NA,Alaska-central Interior,NA,NA,NA,NA,NA,NA,NA,NA,NA,NA,NA,NA,NA,NA,alaxensis
May-June,NA,NA,3,1005,Salix,NA,NA,NA,NE Minnesota,NA,NA,NA,NA,NA,NA,NA,NA,NA,NA,NA,NA,NA,NA,amygdaloides
NA,NA,NA,3,1005,Salix,NA,NA,NA,Canadian high Arctic,NA,NA,NA,NA,NA,NA,NA,NA,NA,NA,NA,NA,NA,NA,arctica
July,Aug-Sept,NA,3,1005,Salix,NA,NA,NA,Ellesmere Island,NA,NA,NA,NA,NA,NA,NA,NA,NA,NA,NA,NA,NA,NA,arctica
June-July,July-Aug,Aug-Sept,3,1005,Salix,NA,NA,NA,Interior Alaska,NA,NA,NA,NA,NA,NA,NA,NA,NA,NA,NA,NA,NA,NA,arctica
Apr-June,May-June,May-June,3,1005,Salix,NA,NA,NA,NA,NA,NA,NA,NA,NA,NA,NA,NA,NA,NA,NA,NA,NA,NA,bebbiana
Mar-April,Mar-Apr,NA,3,1005,Salix,NA,NA,NA,North & South Carolina,NA,NA,NA,NA,NA,NA,NA,NA,NA,NA,NA,NA,NA,NA,caroliniana
May,NA,NA,3,1005,Salix,NA,NA,NA,N Ontario & British Columbia,NA,NA,NA,NA,NA,NA,NA,NA,NA,NA,NA,NA,NA,NA,discolor
Mar-April,Apr-May,Apr-May,3,1005,Salix,NA,NA,NA,"Rocky Mtns, USA",NA,NA,NA,NA,NA,NA,NA,NA,NA,NA,NA,NA,NA,NA,discolor
Apr-June,June,June-July,3,1005,Salix,NA,NA,NA,NE Minnesota & N Ontario,NA,NA,NA,NA,NA,NA,NA,NA,NA,NA,NA,NA,NA,NA,eriocephala (as rigida)
May-July,June-July,June-July,3,1005,Salix,NA,NA,NA,NA,NA,NA,NA,NA,NA,NA,NA,NA,NA,NA,NA,NA,NA,NA,exigua
Apr-May,May-June,May-June,3,1005,Salix,NA,NA,NA,US & Europe,NA,NA,NA,NA,NA,NA,NA,NA,NA,NA,NA,NA,NA,NA,fragilis
June-July,July-Aug,Sept-Nov,3,1005,Salix,NA,NA,NA,Alaska-Brooks Range,NA,NA,NA,NA,NA,NA,NA,NA,NA,NA,NA,NA,NA,NA,glauca
May-June,July-Aug,Sept-Nov,3,1005,Salix,NA,NA,NA,Alaska-mid-boreal forest,NA,NA,NA,NA,NA,NA,NA,NA,NA,NA,NA,NA,NA,NA,glauca
June-July,July-Aug,Sept-Nov,3,1005,Salix,NA,NA,NA,Alaska-Denali National Park,NA,NA,NA,NA,NA,NA,NA,NA,NA,NA,NA,NA,NA,NA,glauca
NA,13-Aug,NA,3,1005,Salix,NA,NA,NA,N Ontario,NA,NA,NA,NA,NA,NA,NA,NA,NA,NA,NA,NA,NA,NA,interior
Apr-May,June-Aug,June-Aug,3,1005,Salix,NA,NA,NA,Idaho,NA,NA,NA,NA,NA,NA,NA,NA,NA,NA,NA,NA,NA,NA,lucidat
Feb-April,Apr-May,Apr-May,3,1005,Salix,NA,NA,NA,In north,NA,NA,NA,NA,NA,NA,NA,NA,NA,NA,NA,NA,NA,NA,nigra
May-June,June-July,June-July,3,1005,Salix,NA,NA,NA,In south,NA,NA,NA,NA,NA,NA,NA,NA,NA,NA,NA,NA,NA,NA,nigra
May-June,June-July,June-July,3,1005,Salix,NA,NA,NA,General,NA,NA,NA,NA,NA,NA,NA,NA,NA,NA,NA,NA,NA,NA,petiolaris
Apr-June,May-July,May-July,3,1005,Salix,NA,NA,NA,General,NA,NA,NA,NA,NA,NA,NA,NA,NA,NA,NA,NA,NA,NA,scouleriana
July-Aug,Apr-May,NA,3,963,Ribes,NA,NA,NA,Europe,NA,NA,NA,NA,NA,NA,NA,NA,NA,NA,NA,NA,NA,NA,alpinum
June-Sept,Apr-June,NA,3,963,Ribes,NA,NA,NA,NA,NA,NA,NA,NA,NA,NA,NA,NA,NA,NA,NA,NA,NA,NA,americanum
June-July,Apr-May,NA,3,963,Ribes,NA,NA,NA,NA,NA,NA,NA,NA,NA,NA,NA,NA,NA,NA,NA,NA,NA,NA,aureum
Late Aug,Late May,NA,3,963,Ribes,NA,NA,NA,Wyoming,NA,NA,NA,NA,NA,NA,NA,NA,NA,NA,NA,NA,NA,NA,aureum var.villosum
June,Mid-Apr,NA,3,963,Ribes,NA,NA,NA,Kansas,NA,NA,NA,NA,NA,NA,NA,NA,NA,NA,NA,NA,NA,NA,aureum var.villosum
June-Aug,Apr-June,NA,3,963,Ribes,NA,NA,NA,NA,NA,NA,NA,NA,NA,NA,NA,NA,NA,NA,NA,NA,NA,NA,aureum var.villosum
Aug,Apr-June,NA,3,963,Ribes,NA,NA,NA,NA,NA,NA,NA,NA,NA,NA,NA,NA,NA,NA,NA,NA,NA,NA,cereum
Late July-Sept,Apr-early June,NA,3,963,Ribes,NA,NA,NA,NA,NA,NA,NA,NA,NA,NA,NA,NA,NA,NA,NA,NA,NA,NA,cynosbati
NA,May-July,NA,3,963,Ribes,NA,NA,NA,NA,NA,NA,NA,NA,NA,NA,NA,NA,NA,NA,NA,NA,NA,NA,hudsonianum
NA,May-June,NA,3,963,Ribes,NA,NA,NA,NA,NA,NA,NA,NA,NA,NA,NA,NA,NA,NA,NA,NA,NA,NA,inerme
Aug,Apr-July,NA,3,963,Ribes,NA,NA,NA,NA,NA,NA,NA,NA,NA,NA,NA,NA,NA,NA,NA,NA,NA,NA,lacustre
June-Sept,Apr-May,NA,3,963,Ribes,NA,NA,NA,NA,NA,NA,NA,NA,NA,NA,NA,NA,NA,NA,NA,NA,NA,NA,missouriense
Aug-Sept,Late June-July,NA,3,963,Ribes,NA,NA,NA,NA,NA,NA,NA,NA,NA,NA,NA,NA,NA,NA,NA,NA,NA,NA,montigenum
NA,May-July,NA,3,963,Ribes,NA,NA,NA,NA,NA,NA,NA,NA,NA,NA,NA,NA,NA,NA,NA,NA,NA,NA,nevadense
NA,Apr-June,NA,3,963,Ribes,NA,NA,NA,NA,NA,NA,NA,NA,NA,NA,NA,NA,NA,NA,NA,NA,NA,NA,oxyacanthoides ssp. irriguum
NA,May-June,NA,3,963,Ribes,NA,NA,NA,NA,NA,NA,NA,NA,NA,NA,NA,NA,NA,NA,NA,NA,NA,NA,roezlii
July-Sept,Apr-May,NA,3,963,Ribes,NA,NA,NA,NA,NA,NA,NA,NA,NA,NA,NA,NA,NA,NA,NA,NA,NA,NA,rotundifolium
July-Aug,Apr-May,NA,3,963,Ribes,NA,NA,NA,Oregon,NA,NA,NA,NA,NA,NA,NA,NA,NA,NA,NA,NA,NA,NA,sanguineum
NA,Mar-June,NA,3,963,Ribes,NA,NA,NA,NA,NA,NA,NA,NA,NA,NA,NA,NA,NA,NA,NA,NA,NA,NA,sanguineum
Aug-Sept,May-June,NA,3,963,Ribes,NA,NA,NA,NA,NA,NA,NA,NA,NA,NA,NA,NA,NA,NA,NA,NA,NA,NA,viscosissimum
May-June,Late Mar-Apr,NA,2,1084,Syringa,NA,NA,NA,"NE US, Kansas",NA,NA,NA,NA,NA,NA,NA,NA,NA,NA,NA,NA,NA,NA,X persica
Early June,NA,NA,2,1084,Syringa,NA,NA,NA,North Dakota,NA,NA,NA,NA,NA,NA,NA,NA,NA,NA,NA,NA,NA,NA,reticulata var. amurensis
June-July,Sept-Oct,NA,2,1084,Syringa,NA,NA,NA,Manitoba,NA,NA,NA,NA,NA,NA,NA,NA,NA,NA,NA,NA,NA,NA,reticulata var. amurensis
Apr-June,Aug-Oct,NA,2,1084,Syringa,NA,NA,NA,NE US & Europe,NA,NA,NA,NA,NA,NA,NA,NA,NA,NA,NA,NA,NA,NA,vulgaris
Late Mar-early May,NA,NA,2,1084,Syringa,NA,NA,NA,Kansas,NA,NA,NA,NA,NA,NA,NA,NA,NA,NA,NA,NA,NA,NA,vulgaris
Late Mar-mid-May,NA,NA,2,1084,Syringa,NA,NA,NA,W US,NA,NA,NA,NA,NA,NA,NA,NA,NA,NA,NA,NA,NA,NA,vulgaris
May-June,July-Aug,NA,2,417,Clematis,NA,NA,NA,NA,NA,NA,NA,NA,NA,NA,NA,NA,NA,NA,NA,NA,NA,NA,columbiana
Mar-Sept,Aug-Oct,NA,2,417,Clematis,NA,NA,NA,SW US,NA,NA,NA,NA,NA,NA,NA,NA,NA,NA,NA,NA,NA,NA,drummondii
Aug-Oct,Aug-Oct,NA,2,417,Clematis,NA,NA,NA,NA,NA,NA,NA,NA,NA,NA,NA,NA,NA,NA,NA,NA,NA,NA,flammula
Mar-Apr,May-Aug,NA,2,417,Clematis,NA,NA,NA,California,NA,NA,NA,NA,NA,NA,NA,NA,NA,NA,NA,NA,NA,NA,ligusticifolia
Mar-Sept,Aug-Nov,NA,2,417,Clematis,NA,NA,NA,Texas,NA,NA,NA,NA,NA,NA,NA,NA,NA,NA,NA,NA,NA,NA,ligusticifolia
May-Aug,Oct-Dec,NA,2,417,Clematis,NA,NA,NA,Colorado & Utah,NA,NA,NA,NA,NA,NA,NA,NA,NA,NA,NA,NA,NA,NA,ligusticifolia
Mar-Apr,May-July,NA,2,417,Clematis,NA,NA,NA,California,NA,NA,NA,NA,NA,NA,NA,NA,NA,NA,NA,NA,NA,NA,pauciflora
July-Sept,July-Sept,NA,2,417,Clematis,NA,NA,NA,NA,NA,NA,NA,NA,NA,NA,NA,NA,NA,NA,NA,NA,NA,NA,virginiana
June-July,Aug-Sept,NA,2,417,Clematis,NA,NA,NA,Minnesota,NA,NA,NA,NA,NA,NA,NA,NA,NA,NA,NA,NA,NA,NA,virginiana
July-Sept,July-Sept,NA,2,417,Clematis,NA,NA,NA,NE US,NA,NA,NA,NA,NA,NA,NA,NA,NA,NA,NA,NA,NA,NA,vitalba
June-July,Sept-Oct,NA,2,417,Clematis,NA,NA,NA,France,NA,NA,NA,NA,NA,NA,NA,NA,NA,NA,NA,NA,NA,NA,vitalba
June-Aug,June-Aug,NA,2,417,Clematis,NA,NA,NA,NE US,NA,NA,NA,NA,NA,NA,NA,NA,NA,NA,NA,NA,NA,NA,viticella
Feb-Apr,July-Oct,Begins 8-9 months after flowering,2,506,Eucalyptus,NA,18-36,NA,NA,NA,NA,NA,NA,NA,NA,NA,NA,NA,NA,NA,NA,NA,NA,camaldulensis
Nov-Jan,May-Aug,NA,2,506,Eucalyptus,NA,24-39,NA,NA,NA,NA,NA,NA,NA,NA,NA,NA,NA,NA,NA,NA,NA,NA,citriodora
June-Aug,Aug-Oct,Oct-Nov,2,506,Eucalyptus,NA,18-36,NA,NA,NA,NA,NA,NA,NA,NA,NA,NA,NA,NA,NA,NA,NA,NA,dalrympleana
Apr-June,Apr-July,May-July,2,506,Eucalyptus,NA,30-83,NA,NA,NA,NA,NA,NA,NA,NA,NA,NA,NA,NA,NA,NA,NA,NA,delegatensis
Apr-May,July-Aug,NA,2,506,Eucalyptus,NA,18-60,NA,NA,NA,NA,NA,NA,NA,NA,NA,NA,NA,NA,NA,NA,NA,NA,fastigata
July-Aug,May-Sept,Nov-Feb,2,506,Eucalyptus,NA,4-12,NA,NA,NA,NA,NA,NA,NA,NA,NA,NA,NA,NA,NA,NA,NA,NA,glaucescens
Nov-Apr,Oct-Mar,Oct-Mar,2,506,Eucalyptus,NA,45-54,NA,NA,NA,NA,NA,NA,NA,NA,NA,NA,NA,NA,NA,NA,NA,NA,globulus
Sept-Nov,NA,NA,2,506,Eucalyptus,NA,42-54,NA,NA,NA,NA,NA,NA,NA,NA,NA,NA,NA,NA,NA,NA,NA,NA,grandis
Dec-Feb,NA,NA,2,506,Eucalyptus,NA,30-45,NA,NA,NA,NA,NA,NA,NA,NA,NA,NA,NA,NA,NA,NA,NA,NA,microcorys
Apr-July,May-June,May-June,2,506,Eucalyptus,NA,30-90,NA,NA,NA,NA,NA,NA,NA,NA,NA,NA,NA,NA,NA,NA,NA,NA,nitens
Apr-July,May-Aug,NA,2,506,Eucalyptus,NA,15-75,NA,NA,NA,NA,NA,NA,NA,NA,NA,NA,NA,NA,NA,NA,NA,NA,obliqua
Feb-May,NA,NA,2,506,Eucalyptus,NA,24-42,NA,NA,NA,NA,NA,NA,NA,NA,NA,NA,NA,NA,NA,NA,NA,NA,paniculata
Dec-Mar,Jan-April,All year,2,506,Eucalyptus,NA,36-60,NA,NA,NA,NA,NA,NA,NA,NA,NA,NA,NA,NA,NA,NA,NA,NA,pilularis
Apr-July,June-Sept,NA,2,506,Eucalyptus,NA,52-105,NA,NA,NA,NA,NA,NA,NA,NA,NA,NA,NA,NA,NA,NA,NA,NA,regnans
Jan-Mar,NA,NA,2,506,Eucalyptus,NA,24-27,NA,NA,NA,NA,NA,NA,NA,NA,NA,NA,NA,NA,NA,NA,NA,NA,robusta
Jan-Mar,NA,NA,2,506,Eucalyptus,NA,9-15,NA,NA,NA,NA,NA,NA,NA,NA,NA,NA,NA,NA,NA,NA,NA,NA,rudis
Apr-June,Oct-Dec,NA,2,506,Eucalyptus,NA,15-45,NA,NA,NA,NA,NA,NA,NA,NA,NA,NA,NA,NA,NA,NA,NA,NA,saligna
June-Sept,NA,NA,2,506,Eucalyptus,NA,12-30,NA,NA,NA,NA,NA,NA,NA,NA,NA,NA,NA,NA,NA,NA,NA,NA,sideroxylon
All year,12 months after flowering,20-22 months after flowering,2,506,Eucalyptus,NA,15-45,NA,NA,NA,NA,NA,NA,NA,NA,NA,NA,NA,NA,NA,NA,NA,NA,viminalis
NA,NA,NA,3,946,Rhododendron,NA,NA,NA,NA,NA,NA,RHODODENDRONS,NA,NA,NA,NA,NA,NA,NA,NA,NA,NA,NA,EVERGREEN
May,NA,NA,3,946,Rhododendron,NA,NA,NA,NA,NA,NA,Compact shrub; to 1.8 m,"Pink, mauve, white",NA,NA,NA,NA,NA,NA,NA,NA,NA,NA,carolinianum
May-June,NA,NA,3,946,Rhododendron,NA,NA,NA,NA,NA,NA,"Spreading, rounded in the open; generally wider than tall to 3 m, sometimes small tree to 6 m","Magenta, pink, white, red",NA,NA,NA,NA,NA,NA,NA,NA,NA,NA,catawbiense
May,NA,NA,3,946,Rhododendron,NA,NA,NA,NA,NA,NA,Shrub to 1.8 m,Rose,NA,NA,NA,NA,NA,NA,NA,NA,NA,NA,chapmanii
May-June,NA,NA,3,946,Rhododendron,NA,NA,NA,NA,NA,NA,Open tree-like shrub; often erect to 3-9 m,"Purplish rose, white",NA,NA,NA,NA,NA,NA,NA,NA,NA,NA,macrophyllum
June-July,NA,NA,3,946,Rhododendron,NA,NA,NA,NA,NA,NA,Shrub in cultivation; to 4.6 m (sometimes to 12 m in the wild),"White, pink, purplish red",NA,NA,NA,NA,NA,NA,NA,NA,NA,NA,maximum
June,NA,NA,3,946,Rhododendron,NA,NA,NA,NA,NA,NA,2.8 m,"Rose, white",NA,NA,NA,NA,NA,NA,NA,NA,NA,NA,minus
NA,NA,NA,3,946,Rhododendron,NA,NA,NA,NA,NA,NA,RHODODENDRONS,NA,NA,NA,NA,NA,NA,NA,NA,NA,NA,NA,DECIDUOUS
Apr-May,NA,NA,3,946,Rhododendron,NA,NA,NA,NA,NA,NA,Low stoloniferous shrub; to 0.6-2.4 m,White,NA,NA,NA,NA,NA,NA,NA,NA,NA,NA,alabamense
June-July,NA,NA,3,946,Rhododendron,NA,NA,NA,NA,NA,NA,Erect shrub; from 0.9-2.1 m,"Creamy white, yellow",NA,NA,NA,NA,NA,NA,NA,NA,NA,NA,albiflorum
June-July,NA,NA,3,946,Rhododendron,NA,NA,NA,NA,NA,NA,From low spreading bushes in open to tall and leggy in shade; up to 6 m,White,NA,NA,NA,NA,NA,NA,NA,NA,NA,NA,arborescens
May,NA,NA,3,946,Rhododendron,NA,NA,NA,NA,NA,NA,"Stoloniferous shrub, forms branching sprays when well established; 0.3-1.5 m","White, pink",NA,NA,NA,NA,NA,NA,NA,NA,NA,NA,atlanticum
Apr,NA,NA,3,946,Rhododendron,NA,NA,NA,NA,NA,NA,Stiff and upright; from 3.0-3.6 m,Yellow-orange,NA,NA,NA,NA,NA,NA,NA,NA,NA,NA,austrinum
May-June,NA,NA,3,946,Rhododendron,NA,NA,NA,NA,NA,NA,Stiff and upright; to 3.6 m,"Yellow, orange, scarlet, pink",NA,NA,NA,NA,NA,NA,NA,NA,NA,NA,calendulaceum
May,NA,NA,3,946,Rhododendron,NA,NA,NA,NA,NA,NA,Very small shrub; to 0.2 m,Reddish purple,NA,NA,NA,NA,NA,NA,NA,NA,NA,NA,camtschaticum
Apr,NA,NA,3,946,Rhododendron,NA,NA,NA,NA,NA,NA,Much branched shrub; to 0.9 m,"Rose-purple, white",NA,NA,NA,NA,NA,NA,NA,NA,NA,NA,canadense
Apr-May,NA,NA,3,946,Rhododendron,NA,NA,NA,NA,NA,NA,Sparingly branched shrub; to 4.6 m,"Pink, white",NA,NA,NA,NA,NA,NA,NA,NA,NA,NA,canescens
June-July,NA,NA,3,946,Rhododendron,NA,NA,NA,NA,NA,NA,"Low and twiggy, often stoloniferous shrub; to 2.4 m but rarely over 1.8 m","Yellow, orange, scarlet",NA,NA,NA,NA,NA,NA,NA,NA,NA,NA,cumberlandense
May,NA,NA,3,946,Rhododendron,NA,NA,NA,NA,NA,NA,Mounding form; to 2.5 m,"Scarlet, orange, yellow",NA,NA,NA,NA,NA,NA,NA,NA,NA,NA,flammeum
Apr,NA,NA,3,946,Rhododendron,NA,NA,NA,NA,NA,NA,"Dwarf, procumbent shrub; to 0.3 m",Purple,NA,NA,NA,NA,NA,NA,NA,NA,NA,NA,lapponicum
June,NA,NA,3,946,Rhododendron,NA,NA,NA,NA,NA,NA,"Upright, somewhat stoloniferous shrub; to 1.8 m","White, pink",NA,NA,NA,NA,NA,NA,NA,NA,NA,NA,oblongifolium
Apr-Aug,NA,NA,3,946,Rhododendron,NA,NA,NA,NA,NA,NA,"Rounded, occasionally upright or low shrub; to 1.0-4.6 m","White, pink, pale yellow",NA,NA,NA,NA,NA,NA,NA,NA,NA,NA,occidentale
May,NA,NA,3,946,Rhododendron,NA,NA,NA,NA,NA,NA,"Usually tall, vigorous and much- branched shrub; to 2.7 m & up to 4.5 m in wild","Pale pink, rose, reddish, white",NA,NA,NA,NA,NA,NA,NA,NA,NA,NA,periclymenoides
May,NA,NA,3,946,Rhododendron,NA,NA,NA,NA,NA,NA,"Upright, well branched shrub; to 2.5 m","Pink, white, rosy red",NA,NA,NA,NA,NA,NA,NA,NA,NA,NA,prinophyllum
July-Aug,NA,NA,3,946,Rhododendron,NA,NA,NA,NA,NA,NA,"Tall, rounded-topped; up to 3.6 or 5.5 m in wild","Yellow, orange, scarlet",NA,NA,NA,NA,NA,NA,NA,NA,NA,NA,prunifolium
Apr-May,NA,NA,3,946,Rhododendron,NA,NA,NA,NA,NA,NA,Upright shrub to 3.6 m,"White, pink, crimson",NA,NA,NA,NA,NA,NA,NA,NA,NA,NA,vaseyi
July-Oct,NA,NA,3,946,Rhododendron,NA,NA,NA,NA,NA,NA,"Form various: large & upright to dwarf, small tree; from 3-6 m, rounded or straggly shrub, stoloniferous form to 4.6 m","White, pink",NA,NA,NA,NA,NA,NA,NA,NA,NA,NA,viscosum
May-June,July-Aug,NA,2,246,Amelanchier,NA,NA,NA,NA,NA,NA,NA,NA,NA,NA,NA,NA,NA,NA,NA,NA,NA,NA,alnifolia
Apr,Aug,NA,2,246,Amelanchier,NA,NA,NA,Oregon (520 m),NA,NA,NA,NA,NA,NA,NA,NA,NA,NA,NA,NA,NA,NA,alnifolia var. semiintegrifolia
May,NA,NA,2,246,Amelanchier,NA,NA,NA,"Oregon (1,310 m)",NA,NA,NA,NA,NA,NA,NA,NA,NA,NA,NA,NA,NA,NA,alnifolia var. semiintegrifolia
May,Aug,NA,2,246,Amelanchier,NA,NA,NA,NA,NA,NA,NA,NA,NA,NA,NA,NA,NA,NA,NA,NA,NA,NA,alnifolia var. semiintegrifolia
Mar-June,June-Aug,NA,2,246,Amelanchier,NA,NA,NA,NA,NA,NA,NA,NA,NA,NA,NA,NA,NA,NA,NA,NA,NA,NA,arborea
Mar-April,May-June,NA,2,246,Amelanchier,NA,NA,NA,Carolinas,NA,NA,NA,NA,NA,NA,NA,NA,NA,NA,NA,NA,NA,NA,canadensis
May,June,NA,2,246,Amelanchier,NA,NA,NA,NA,NA,NA,NA,NA,NA,NA,NA,NA,NA,NA,NA,NA,NA,NA,canadensis
Mar-June,June-Aug,NA,2,246,Amelanchier,NA,NA,NA,NA,NA,NA,NA,NA,NA,NA,NA,NA,NA,NA,NA,NA,NA,NA,laevis
May-June,July-Sept,NA,2,246,Amelanchier,NA,NA,NA,NA,NA,NA,NA,NA,NA,NA,NA,NA,NA,NA,NA,NA,NA,NA,sanguinea
Mar-May,July-Sept,NA,2,435,Corylus,NA,NA,NA,NA,NA,NA,NA,NA,NA,NA,NA,NA,NA,NA,NA,NA,NA,NA,americana
Feb-Apr,Sept-Oct,NA,2,435,Corylus,NA,NA,NA,Europe,NA,NA,NA,NA,NA,NA,NA,NA,NA,NA,NA,NA,NA,NA,avellana
Jan-Feb,Aug-Sept,NA,2,435,Corylus,NA,NA,NA,Tennessee,NA,NA,NA,NA,NA,NA,NA,NA,NA,NA,NA,NA,NA,NA,cornuta
Jan-Feb,Sept-Oct,NA,2,435,Corylus,NA,NA,NA,California,NA,NA,NA,NA,NA,NA,NA,NA,NA,NA,NA,NA,NA,NA,cornuta var. california
Apr-May,Aug-Oct,Sept-Spring,2,305,Betula,NA,NA,NA,Mid-range,NA,NA,NA,NA,NA,NA,NA,NA,NA,NA,NA,NA,NA,NA,alleghaniensis
May,Oct,NA,2,305,Betula,NA,NA,NA,Japan,NA,NA,NA,NA,NA,NA,NA,NA,NA,NA,NA,NA,NA,NA,davurica
Apr-May,Aug-Sept,Sept-Nov,2,305,Betula,NA,NA,NA,Mid-range,NA,NA,NA,NA,NA,NA,NA,NA,NA,NA,NA,NA,NA,NA,lenta
June-Aug,Aug-Oct,Sept-Mar,2,305,Betula,NA,NA,NA,Mid-range,NA,NA,NA,NA,NA,NA,NA,NA,NA,NA,NA,NA,NA,NA,nana
Apr-May,May-June,May-June,2,305,Betula,NA,NA,NA,N part of range,NA,NA,NA,NA,NA,NA,NA,NA,NA,NA,NA,NA,NA,NA,nigra
Apr-June,Aug-Sept,Aug-Spring,2,305,Betula,NA,NA,NA,Mid-range,NA,NA,NA,NA,NA,NA,NA,NA,NA,NA,NA,NA,NA,NA,papyrifera
Apr-June,July-Aug,July-Sept,2,305,Betula,NA,NA,NA,Russia & Finland,NA,NA,NA,NA,NA,NA,NA,NA,NA,NA,NA,NA,NA,NA,pendula
Apr-May,Sept-Oct,Oct to mid-winter,2,305,Betula,NA,NA,NA,Mid-range,NA,NA,NA,NA,NA,NA,NA,NA,NA,NA,NA,NA,NA,NA,populifolia
May-June,Aug-Sept,Fall-Winter,2,305,Betula,NA,NA,NA,Germany & Finland,NA,NA,NA,NA,NA,NA,NA,NA,NA,NA,NA,NA,NA,NA,pubescens
May-June,Sept-Oct,Oct-Mar,2,305,Betula,NA,NA,NA,Mid-range,NA,NA,NA,NA,NA,NA,NA,NA,NA,NA,NA,NA,NA,NA,pumlia
May-June,Sept-Oct,NA,3,515,Euonymus,NA,NA,NA,New England & Japan,NA,NA,NA,NA,NA,NA,NA,NA,NA,NA,NA,NA,NA,NA,alata
May-June,Sept-Oct,NA,3,515,Euonymus,NA,NA,NA,Carolinas,NA,NA,NA,NA,NA,NA,NA,NA,NA,NA,NA,NA,NA,NA,americana
May-June,Sept-Oct,NA,3,515,Euonymus,NA,NA,NA,NA,NA,NA,NA,NA,NA,NA,NA,NA,NA,NA,NA,NA,NA,NA,atropurpurea
June,Sept-Oct,NA,3,515,Euonymus,NA,NA,NA,NE US,NA,NA,NA,NA,NA,NA,NA,NA,NA,NA,NA,NA,NA,NA,bungeana
May-June,Aug-Nov,NA,3,515,Euonymus,NA,NA,NA,NE US & Europe,NA,NA,NA,NA,NA,NA,NA,NA,NA,NA,NA,NA,NA,NA,europaea
June,Oct,NA,3,515,Euonymus,NA,NA,NA,NE US,NA,NA,NA,NA,NA,NA,NA,NA,NA,NA,NA,NA,NA,NA,hamiltoniana ssp. maackii
April-June,Aug-Oct,NA,3,515,Euonymus,NA,NA,NA,NA,NA,NA,NA,NA,NA,NA,NA,NA,NA,NA,NA,NA,NA,NA,obovata
May-June,Aug-Oct,NA,3,515,Euonymus,NA,NA,NA,NE US & Germany,NA,NA,NA,NA,NA,NA,NA,NA,NA,NA,NA,NA,NA,NA,verrucosa
Apr-Sept,Sept-Oct,Nov & Dec,2,221,Aesculus,NA,NA,NA,S California,NA,NA,NA,NA,NA,NA,NA,NA,NA,NA,NA,NA,NA,NA,californica
Apr-June,Sept,Sept,2,221,Aesculus,NA,NA,NA,NA,NA,NA,NA,NA,NA,NA,NA,NA,NA,NA,NA,NA,NA,NA,flava
Mar-May,Sept-mid-Oct,Early Sept-late Oct,2,221,Aesculus,NA,NA,NA,NA,NA,NA,NA,NA,NA,NA,NA,NA,NA,NA,NA,NA,NA,NA,glabra
Mar-Apr,May-June,NA,2,221,Aesculus,NA,NA,NA,Texas,NA,NA,NA,NA,NA,NA,NA,NA,NA,NA,NA,NA,NA,NA,glabra var. arguta
May,Sept-Oct,Sept-Oct,2,221,Aesculus,NA,NA,NA,Minnesota,NA,NA,NA,NA,NA,NA,NA,NA,NA,NA,NA,NA,NA,NA,glabra var. arguta
Late Apr-early June,Mid-Sept-early Oct,Mid-Sept-mid-Oct,2,221,Aesculus,NA,NA,NA,Europe & NE US,NA,NA,NA,NA,NA,NA,NA,NA,NA,NA,NA,NA,NA,NA,hippocastanum
July-Aug,Oct-Nov,Oct-Nov,2,221,Aesculus,NA,NA,NA,"SW Georgia, Alabama",NA,NA,NA,NA,NA,NA,NA,NA,NA,NA,NA,NA,NA,NA,parviflora
Mar-Apr,Sept-Oct,Sept-Nov,2,221,Aesculus,NA,NA,NA,South part of range,NA,NA,NA,NA,NA,NA,NA,NA,NA,NA,NA,NA,NA,NA,pavia
May-June,Sept-Oct,Sept-Nov,2,221,Aesculus,NA,NA,NA,North part of range,NA,NA,NA,NA,NA,NA,NA,NA,NA,NA,NA,NA,NA,NA,pavia
Apr-May,July-Aug,July-Aug,2,221,Aesculus,NA,NA,NA,NA,NA,NA,NA,NA,NA,NA,NA,NA,NA,NA,NA,NA,NA,NA,sylvatica
May,Sept-Oct,Sept-Oct,2,221,Aesculus,NA,NA,NA,Minnesota,NA,NA,NA,NA,NA,NA,NA,NA,NA,NA,NA,NA,NA,NA,sylvatica
Apr-May Mar-June,Aug-Nov Aug-Oct,Nov-spring Nov-spring,2,330,Carpinus,NA,NA,NA,Europe & NE US NE US,NA,NA,NA,NA,NA,NA,NA,NA,NA,NA,NA,NA,NA,NA,betulus caroliniana
Apr-May,Sept-Oct,Oct-Dec,2,366,Celtis,NA,NA,NA,NA,NA,NA,NA,NA,NA,NA,NA,NA,NA,NA,NA,NA,NA,NA,laevigata
Mar-Apr,Late fall,Fall-winter,2,366,Celtis,NA,NA,NA,NA,NA,NA,NA,NA,NA,NA,NA,NA,NA,NA,NA,NA,NA,NA,laevigata var. reticulata
Apr-May,Sept-Oct,Oct-winter,2,366,Celtis,NA,NA,NA,NA,NA,NA,NA,NA,NA,NA,NA,NA,NA,NA,NA,NA,NA,NA,occidentalis
Apr-May,Oct-Nov,Sept-Dec,2,538,Fraxinus,NA,NA,NA,NA,NA,NA,NA,NA,Dioecious,NA,NA,NA,NA,NA,NA,NA,NA,NA,americana
Feb-Mar,Aug-Oct,NA,2,538,Fraxinus,NA,NA,NA,NA,NA,NA,NA,NA,Dioecious,NA,NA,NA,NA,NA,NA,NA,NA,NA,caroliniana
Apr-May,July-Sept,NA,2,538,Fraxinus,NA,NA,NA,California,NA,NA,NA,NA,Perfect,NA,NA,NA,NA,NA,NA,NA,NA,NA,dipetala
Apr-May,Aug-Sept,Winter-early spring,2,538,Fraxinus,NA,NA,NA,NA,NA,NA,NA,NA,Polygamous,NA,NA,NA,NA,NA,NA,NA,NA,NA,excelsion
Apr-May,Aug-Sept,Sept-Oct,2,538,Fraxinus,NA,NA,NA,NA,NA,NA,NA,NA,Dioecious,NA,NA,NA,NA,NA,NA,NA,NA,NA,latifolia
May-June,June-Sept,July-Oct,2,538,Fraxinus,NA,NA,NA,NA,NA,NA,NA,NA,Polygamous,NA,NA,NA,NA,NA,NA,NA,NA,NA,nigra
May-June,NA,NA,2,538,Fraxinus,NA,NA,NA,NE US,NA,NA,NA,NA,Polygamous,NA,NA,NA,NA,NA,NA,NA,NA,NA,ornus
Mar-May,Sept-Oct,Oct-spring,2,538,Fraxinus,NA,NA,NA,NA,NA,NA,NA,NA,Dioecious,NA,NA,NA,NA,NA,NA,NA,NA,NA,pennsylvanica
Apr-May,Sept-Oct,Oct-Dec,2,538,Fraxinus,NA,NA,NA,NA,NA,NA,NA,NA,Dioecious,NA,NA,NA,NA,NA,NA,NA,NA,NA,profunda
Mar-Apr,June-Oct,NA,2,538,Fraxinus,NA,NA,NA,NA,NA,NA,NA,NA,Perfect,NA,NA,NA,NA,NA,NA,NA,NA,NA,quadrangulata
Mar-May,July-Sept,July-Sept,2,538,Fraxinus,NA,NA,NA,Hawaii,NA,NA,NA,NA,Dioecious,NA,NA,NA,NA,NA,NA,NA,NA,NA,uhdei
Nov-Jan,Aug,NA,2,538,Fraxinus,NA,NA,NA,Puerto Rico,NA,NA,NA,NA,NA,NA,NA,NA,NA,NA,NA,NA,NA,NA,uhdei
Mar-Apr,Sept,NA,2,538,Fraxinus,NA,NA,NA,NA,NA,NA,NA,NA,Dioecious,NA,NA,NA,NA,NA,NA,NA,NA,NA,velutina
Mar-Apr,Jun-Jul,Aug-Dec,2,201,Acacia,NA,NA,NA,Florida,NA,NA,NA,NA,NA,NA,NA,NA,NA,NA,NA,NA,NA,NA,auriculiformis
Feb-Mar,NA,NA,2,201,Acacia,NA,NA,NA,California,NA,NA,NA,NA,NA,NA,NA,NA,NA,NA,NA,NA,NA,NA,decurrens
Nov-Feb,Mar-Sep,Mar-Dec,2,201,Acacia,NA,NA,NA,Puerto Rico,NA,NA,NA,NA,NA,NA,NA,NA,NA,NA,NA,NA,NA,NA,farnesiana
Jan-Jul,Jun-Jul,Feb; ;Jun-Nov,2,201,Acacia,NA,NA,NA,Hawaii,NA,NA,NA,NA,NA,NA,NA,NA,NA,NA,NA,NA,NA,NA,koa
Mar-Apr,NA,May-Aug,2,201,Acacia,NA,NA,NA,Puerto Rico,NA,NA,NA,NA,NA,NA,NA,NA,NA,NA,NA,NA,NA,NA,mangium
Jun & later,Jun-Oct,Jun-Oct,2,201,Acacia,NA,NA,NA,California,NA,NA,NA,NA,NA,NA,NA,NA,NA,NA,NA,NA,NA,NA,mearnsii
Feb-Jun May-Jun,Jul-Nov,Jul-Dec or later,2,201,Acacia,NA,NA,NA,California Hawaii,NA,NA,NA,NA,NA,NA,NA,NA,NA,NA,NA,NA,NA,NA,melanoxylon
Almost continuously,All year,All year,2,201,Acacia,NA,NA,NA,Puerto Rico,NA,NA,NA,NA,NA,NA,NA,NA,NA,NA,NA,NA,NA,NA,nilotica
June-Aug,Sept-Nov,Sept-Nov,2,228,Albizia,NA,NA,NA,S US,NA,NA,NA,NA,NA,NA,NA,NA,NA,NA,NA,NA,NA,NA,julibrissin
Apr-Sept,year,All year,2,228,Albizia,NA,NA,NA,Puerto Rico,NA,NA,NA,NA,NA,NA,NA,NA,NA,NA,NA,NA,NA,NA,lebbeck
Aug-Sept,Jan-June,All year,2,228,Albizia,NA,NA,NA,Puerto Rico,NA,NA,NA,NA,NA,NA,NA,NA,NA,NA,NA,NA,NA,NA,procera
Spring-fall,Fall-spring,All year,2,228,Albizia,NA,NA,NA,NA,NA,NA,NA,NA,NA,NA,NA,NA,NA,NA,NA,NA,NA,NA,saman
July,NA,Not shed,3,823,Pinus,NA,NA,NA,California,NA,NA,NA,NA,NA,Aug-Sept,NA,NA,NA,NA,NA,NA,NA,NA,albicaulis
July-Aug,NA,Sept-Oct,3,823,Pinus,NA,NA,NA,Arizona,NA,NA,NA,NA,NA,Sept-Oct,NA,NA,NA,NA,NA,NA,NA,NA,aristata
May,NA,Oct,3,823,Pinus,NA,NA,NA,Arizona,NA,NA,NA,NA,NA,Sept-Oct,NA,NA,NA,NA,NA,NA,NA,NA,arizonica
Apr-May,NA,Aug-Sept,3,823,Pinus,NA,NA,NA,California,NA,NA,NA,NA,NA,Aug,NA,NA,NA,NA,NA,NA,NA,NA,armandii
Apr,NA,Closed cone,3,823,Pinus,NA,NA,NA,California,NA,NA,NA,NA,NA,Jan-Feb,NA,NA,NA,NA,NA,NA,NA,NA,attenuata
July-Aug,NA,Sept-Oct,3,823,Pinus,NA,NA,NA,California,NA,NA,NA,NA,NA,Sept-Oct,NA,NA,NA,NA,NA,NA,NA,NA,balfouriana
May-June,NA,Sept,3,823,Pinus,NA,NA,NA,Great Lakes,NA,NA,NA,NA,NA,Sept,NA,NA,NA,NA,NA,NA,NA,NA,banksiana
Mar-May,NA,Closed conet,3,823,Pinus,NA,NA,NA,California,NA,NA,NA,NA,NA,Jan-Mar,NA,NA,NA,NA,NA,NA,NA,NA,brutia
Apr-May,NA,Sept-Oct,3,823,Pinus,NA,NA,NA,California,NA,NA,NA,NA,NA,Sept,NA,NA,NA,NA,NA,NA,NA,NA,canariensis
Jan-Feb,NA,Sept,3,823,Pinus,NA,NA,NA,Cuba,NA,NA,NA,NA,NA,July-Aug,NA,NA,NA,NA,NA,NA,NA,NA,caribaea
May,NA,Not shedt,3,823,Pinus,NA,NA,NA,Germany,NA,NA,NA,NA,NA,Aug-Oct,NA,NA,NA,NA,NA,NA,NA,NA,cembra
May-June,NA,Nov-Dec,3,823,Pinus,NA,NA,NA,California,NA,NA,NA,NA,NA,Nov-Dec,NA,NA,NA,NA,NA,NA,NA,NA,cembroides
Sept-Dec,NA,Sept,3,823,Pinus,NA,NA,NA,Florida,NA,NA,NA,NA,NA,Sept,NA,NA,NA,NA,NA,NA,NA,NA,clausa
NA,NA,NA,3,823,Pinus,NA,NA,NA,NA,NA,NA,NA,NA,NA,NA,NA,NA,NA,NA,NA,NA,NA,NA,contorta
May-June,NA,Fall,3,823,Pinus,NA,NA,NA,California,NA,NA,NA,NA,NA,Sept-Oct,NA,NA,NA,NA,NA,NA,NA,NA,contorta var. contorta
June-July,NA,Sept-Oct ,3,823,Pinus,NA,NA,NA,Rocky Mtns,NA,NA,NA,NA,NA,Aug-Sept,NA,NA,NA,NA,NA,NA,NA,NA,contorta var. latifolia
May-June,NA,Sept-Oct,3,823,Pinus,NA,NA,NA,California,NA,NA,NA,NA,NA,Sept-Oct,NA,NA,NA,NA,NA,NA,NA,NA,contorta var. murrayana
May-June,NA,Octê,3,823,Pinus,NA,NA,NA,California,NA,NA,NA,NA,NA,Aug-Sept,NA,NA,NA,NA,NA,NA,NA,NA,coulteri
Apr,NA,Sept-Oct,3,823,Pinus,NA,NA,NA,California,NA,NA,NA,NA,NA,Aug-Sept,NA,NA,NA,NA,NA,NA,NA,NA,densiflora
Mar-Apr,NA,Oct-Nov,3,823,Pinus,NA,NA,NA,South Carolina,NA,NA,NA,NA,NA,Oct-Nov,NA,NA,NA,NA,NA,NA,NA,NA,echinata
June,NA,Sept-Oct,3,823,Pinus,NA,NA,NA,Arizona,NA,NA,NA,NA,NA,Sept,NA,NA,NA,NA,NA,NA,NA,NA,edulis
NA,NA,NA,3,823,Pinus,NA,NA,NA,NA,NA,NA,NA,NA,NA,NA,NA,NA,NA,NA,NA,NA,NA,NA,elliottii
Jan-Apr,NA,Sept-Nov,3,823,Pinus,NA,NA,NA,Florida,NA,NA,NA,NA,NA,Aug-Sept,NA,NA,NA,NA,NA,NA,NA,NA,elliottii var. densa
Jan-Feb,NA,Oct,3,823,Pinus,NA,NA,NA,Florida,NA,NA,NA,NA,NA,Sept-Oct,NA,NA,NA,NA,NA,NA,NA,NA,elliottii var. elliottii
May,NA,Nov-Feb,3,823,Pinus,NA,NA,NA,Arizona,NA,NA,NA,NA,NA,Nov-Dec,NA,NA,NA,NA,NA,NA,NA,NA,engelmannii
June-July,NA,Sept-Oct,3,823,Pinus,NA,NA,NA,"California, Montana",NA,NA,NA,NA,NA,Aug-Sept,NA,NA,NA,NA,NA,NA,NA,NA,flexilis
May-June,NA,Nov,3,823,Pinus,NA,NA,NA,"India, California",NA,NA,NA,NA,NA,Sept-Oct,NA,NA,NA,NA,NA,NA,NA,NA,gerardiana
Feb-Mar,NA,Oct-Nov,3,823,Pinus,NA,NA,NA,Mississippi,NA,NA,NA,NA,NA,Oct,NA,NA,NA,NA,NA,NA,NA,NA,glabra
May-June,NA,Fall ,3,823,Pinus,NA,NA,NA,France,NA,NA,NA,NA,NA,Sept,NA,NA,NA,NA,NA,NA,NA,NA,halepensis
May-July,NA,Sept-Oct,3,823,Pinus,NA,NA,NA,"Italy, California",NA,NA,NA,NA,NA,Aug-Sept,NA,NA,NA,NA,NA,NA,NA,NA,heldreichii
June-July,NA,Sept-Oct,3,823,Pinus,NA,NA,NA,California,NA,NA,NA,NA,NA,Aug-Sept,NA,NA,NA,NA,NA,NA,NA,NA,jeffreyi
Jan-Mar,NA,Feb-Mar,3,823,Pinus,NA,NA,NA,Philippines,NA,NA,NA,NA,NA,Oct-Jan,NA,NA,NA,NA,NA,NA,NA,NA,kesiya
May-June,NA,Oct,3,823,Pinus,NA,NA,NA,Japan,NA,NA,NA,NA,NA,Sept,NA,NA,NA,NA,NA,NA,NA,NA,koraiensis
June-July,NA,Aug-Oct,3,823,Pinus,NA,NA,NA,California,NA,NA,NA,NA,NA,Aug-Sept,NA,NA,NA,NA,NA,NA,NA,NA,lambertiana
May-June,NA,Dec-Jan,3,823,Pinus,NA,NA,NA,California,NA,NA,NA,NA,NA,Nov,NA,NA,NA,NA,NA,NA,NA,NA,leiophylla var. chihuahuana
Jan,NA,May-Jul,3,823,Pinus,NA,NA,NA,Thailand,NA,NA,NA,NA,NA,Apr-Jun,NA,NA,NA,NA,NA,NA,NA,NA,merkusii
May,NA,Sept-Oct,3,823,Pinus,NA,NA,NA,"California, Nevada",NA,NA,NA,NA,NA,Aug,NA,NA,NA,NA,NA,NA,NA,NA,monophylla
June-July,NA,Aug-Sept,3,823,Pinus,NA,NA,NA,Idaho,NA,NA,NA,NA,NA,Aug,NA,NA,NA,NA,NA,NA,NA,NA,monticola
May-June,NA,Nov-Dec,3,823,Pinus,NA,NA,NA,Europe,NA,NA,NA,NA,NA,Oct,NA,NA,NA,NA,NA,NA,NA,NA,mugo
Apr-June,NA,Midwinter ,3,823,Pinus,NA,NA,NA,California,NA,NA,NA,NA,NA,Sept,NA,NA,NA,NA,NA,NA,NA,NA,muricata
May-June,NA,Oct-Nov,3,823,Pinus,NA,NA,NA,"Ontario, Canada",NA,NA,NA,NA,NA,Sept-Nov,NA,NA,NA,NA,NA,NA,NA,NA,nigra
Feb-Mar,NA,Oct-Nov,3,823,Pinus,NA,NA,NA,SE US,NA,NA,NA,NA,NA,Sept-Oct,NA,NA,NA,NA,NA,NA,NA,NA,palustris
May-June,NA,Nov,3,823,Pinus,NA,NA,NA,Japan,NA,NA,NA,NA,NA,Sept,NA,NA,NA,NA,NA,NA,NA,NA,parviflora
Feb-Apr,NA,Midwinter ,3,823,Pinus,NA,NA,NA,"Mexico, California",NA,NA,NA,NA,NA,Dec,NA,NA,NA,NA,NA,NA,NA,NA,patula
May,NA,Fall,3,823,Pinus,NA,NA,NA,Europe,NA,NA,NA,NA,NA,Fall,NA,NA,NA,NA,NA,NA,NA,NA,peuce
Apr,NA,Dec-Jan ,3,823,Pinus,NA,NA,NA,"Europe, California",NA,NA,NA,NA,NA,Nov-Dec,NA,NA,NA,NA,NA,NA,NA,NA,pinaster
May-June,NA,Late summer,3,823,Pinus,NA,NA,NA,Europe,NA,NA,NA,NA,NA,Late summer,NA,NA,NA,NA,NA,NA,NA,NA,pinea
NA,NA,NA,3,823,Pinus,NA,NA,NA,NA,NA,NA,NA,NA,NA,NA,NA,NA,NA,NA,NA,NA,NA,NA,ponderosa
Apr-June,NA,Aug-Sept,3,823,Pinus,NA,NA,NA,California,NA,NA,NA,NA,NA,Aug-Sept,NA,NA,NA,NA,NA,NA,NA,NA,ponderosa var. ponderosa
May-June,NA,Sept-Jan,3,823,Pinus,NA,NA,NA,"South Dakota, Colorado",NA,NA,NA,NA,NA,Aug-Sept,NA,NA,NA,NA,NA,NA,NA,NA,ponderosa var. scopulorum
July,NA,Fall or not shed t,3,823,Pinus,NA,NA,NA,Russia,NA,NA,NA,NA,NA,NA,NA,NA,NA,NA,NA,NA,NA,NA,pumila
Mar-Apr,NA,Fall ,3,823,Pinus,NA,NA,NA,"West Virginia, California",NA,NA,NA,NA,NA,Fall,NA,NA,NA,NA,NA,NA,NA,NA,pungens
June,NA,Sept-Oct,3,823,Pinus,NA,NA,NA,California,NA,NA,NA,NA,NA,Sept,NA,NA,NA,NA,NA,NA,NA,NA,quadrifolia
Jan-Feb,NA,Midwinter ,3,823,Pinus,NA,NA,NA,California,NA,NA,NA,NA,NA,Nov,NA,NA,NA,NA,NA,NA,NA,NA,radiata
May,NA,July,3,860,Populus,NA,NA,NA,Nebraska,NA,NA,NA,NA,NA,NA,NA,NA,NA,NA,NA,NA,NA,NA,X acuminata
Apr-May,NA,Early June,3,860,Populus,NA,NA,NA,Nebraska,NA,NA,NA,NA,NA,NA,NA,NA,NA,NA,NA,NA,NA,NA,alba
Apr-May,NA,May-June,3,860,Populus,NA,NA,NA,NE US,NA,NA,NA,NA,NA,NA,NA,NA,NA,NA,NA,NA,NA,NA,alba
Mar-Apr,NA,May-June,3,860,Populus,NA,NA,NA,S Michigan,NA,NA,NA,NA,NA,NA,NA,NA,NA,NA,NA,NA,NA,NA,alba
Late Apr,NA,Early June-early July,3,860,Populus,NA,NA,NA,Alberta,NA,NA,NA,NA,NA,NA,NA,NA,NA,NA,NA,NA,NA,NA,balsamifera
Apr-May,NA,May-June,3,860,Populus,NA,NA,NA,Lake States,NA,NA,NA,NA,NA,NA,NA,NA,NA,NA,NA,NA,NA,NA,balsamifera
May-June,NA,July,3,860,Populus,NA,NA,NA,Interior Alaska,NA,NA,NA,NA,NA,NA,NA,NA,NA,NA,NA,NA,NA,NA,balsamifera
Apr-June,NA,Late May-mid-July,3,860,Populus,NA,NA,NA,"Vancouver Island, British Columbia",NA,NA,NA,NA,NA,NA,NA,NA,NA,NA,NA,NA,NA,NA,balsamifera spp. trichocarpa
Late Apr,NA,Late May,3,860,Populus,NA,NA,NA,Great Lakes region,NA,NA,NA,NA,NA,NA,NA,NA,NA,NA,NA,NA,NA,NA,X canescens
Early Mar-early Apr,NA,Mid-May-late Aug,3,860,Populus,NA,NA,NA,Lower Mississippi Valley,NA,NA,NA,NA,NA,NA,NA,NA,NA,NA,NA,NA,NA,NA,deltoides
Apr-early May,NA,May-mid-June,3,860,Populus,NA,NA,NA,NE US,NA,NA,NA,NA,NA,NA,NA,NA,NA,NA,NA,NA,NA,NA,deltoides
NA,NA,late June-early Aug,3,860,Populus,NA,NA,NA,Alberta,NA,NA,NA,NA,NA,NA,NA,NA,NA,NA,NA,NA,NA,NA,deltoides spp. monilifera
Apr-May,NA,June,3,860,Populus,NA,NA,NA,"Lincoln, Nebraska",NA,NA,NA,NA,NA,NA,NA,NA,NA,NA,NA,NA,NA,NA,deltoides spp. monilifera
Apr-May,NA,June-July,3,860,Populus,NA,NA,NA,"Albuquerque, New Mexico",NA,NA,NA,NA,NA,NA,NA,NA,NA,NA,NA,NA,NA,NA,deltoides spp. wislizeni
mid-Feb-mid-Mar,NA,Mar-Apr,3,860,Populus,NA,NA,NA,Central Arizona,NA,NA,NA,NA,NA,NA,NA,NA,NA,NA,NA,NA,NA,NA,fremontii
Mid-Mar-mid-Apr,NA,Mid-May-late May,3,860,Populus,NA,NA,NA,"Syracuse, New York",NA,NA,NA,NA,NA,NA,NA,NA,NA,NA,NA,NA,NA,NA,grandidentata
Late Mar-min-May,NA,early May-late June,3,860,Populus,NA,NA,NA,S Michigan,NA,NA,NA,NA,NA,NA,NA,NA,NA,NA,NA,NA,NA,NA,grandidentata
Mid-Mar-Apr,NA,May-early June,3,860,Populus,NA,NA,NA,New England,NA,NA,NA,NA,NA,NA,NA,NA,NA,NA,NA,NA,NA,NA,grandidentata
Late Apr-early May,NA,Late May-early June,3,860,Populus,NA,NA,NA,N Great Lakes region,NA,NA,NA,NA,NA,NA,NA,NA,NA,NA,NA,NA,NA,NA,grandidentata
Mar-May,NA,Apr-July,3,860,Populus,NA,NA,NA,Mississippi,NA,NA,NA,NA,NA,NA,NA,NA,NA,NA,NA,NA,NA,NA,heterophylla
Late Apr,NA,Aug,3,860,Populus,NA,NA,NA,"Rochester, New York",NA,NA,NA,NA,NA,NA,NA,NA,NA,NA,NA,NA,NA,NA,maximowiczii
Apr,NA,Late May,3,860,Populus,NA,NA,NA,Rochester. New York,NA,NA,NA,NA,NA,NA,NA,NA,NA,NA,NA,NA,NA,NA,nigra
Mid-Apr,NA,Mid-May,3,860,Populus,NA,NA,NA,N Great Lakes region,NA,NA,NA,NA,NA,NA,NA,NA,NA,NA,NA,NA,NA,NA,tremula
Late Mar-early May,NA,Mid-May-mid-June,3,860,Populus,NA,NA,NA,Great Lakes region,NA,NA,NA,NA,NA,NA,NA,NA,NA,NA,NA,NA,NA,NA,tremuloides
Early Apr-early May,NA,Mid-May-mid-June,3,860,Populus,NA,NA,NA,"Alberta, Canada",NA,NA,NA,NA,NA,NA,NA,NA,NA,NA,NA,NA,NA,NA,tremuloides
Mid-Mar-Apr,NA,May-early June,3,860,Populus,NA,NA,NA,New England,NA,NA,NA,NA,NA,NA,NA,NA,NA,NA,NA,NA,NA,NA,tremuloides
Apr-May,NA,Late May-early June,3,860,Populus,NA,NA,NA,Interior Alaska,NA,NA,NA,NA,NA,NA,NA,NA,NA,NA,NA,NA,NA,NA,tremuloides
Mid-Apr,NA,Mid-May,3,860,Populus,NA,NA,NA,N Great Lakes region,NA,NA,NA,NA,NA,NA,NA,NA,NA,NA,NA,NA,NA,NA,tremula
May-June,Aug-Sept,NA,2,430,Cornus,NA,NA,NA,NA,NA,NA,NA,NA,NA,NA,NA,NA,NA,NA,NA,NA,NA,NA, alba
May-July,July-Sept,July-Sept,2,430,Cornus,NA,NA,NA,NA,NA,NA,NA,NA,NA,NA,NA,NA,NA,NA,NA,NA,NA,NA, alternifolia
May-July,Aug-Sept,Sept,2,430,Cornus,NA,NA,NA,NA,NA,NA,NA,NA,NA,NA,NA,NA,NA,NA,NA,NA,NA,NA, amomum
May-July,Aug,Aug-Oct,2,430,Cornus,NA,NA,NA,NA,NA,NA,NA,NA,NA,NA,NA,NA,NA,NA,NA,NA,NA,NA, canadensis
May-June,Aug-Sept,Oct,2,430,Cornus,NA,NA,NA,NA,NA,NA,NA,NA,NA,NA,NA,NA,NA,NA,NA,NA,NA,NA, controversa
May-June,Aug-Oct,Aug-winter,2,430,Cornus,NA,NA,NA,NA,NA,NA,NA,NA,NA,NA,NA,NA,NA,NA,NA,NA,NA,NA, drummondii
Mar & Apr (S US)-May (N US),Sept (N US)-Oct (S US),Sept-Nov,2,430,Cornus,NA,NA,NA,NA,NA,NA,NA,NA,NA,NA,NA,NA,NA,NA,NA,NA,NA,NA, florida
May-June,Aug-Oct,NA,2,430,Cornus,NA,NA,NA,NA,NA,NA,NA,NA,NA,NA,NA,NA,NA,NA,NA,NA,NA,NA, kousa
July-Aug,NA,NA,2,430,Cornus,NA,NA,NA,NA,NA,NA,NA,NA,NA,NA,NA,NA,NA,NA,NA,NA,NA,NA, macrophylla
Feb-March,Aug-Sept,NA,2,430,Cornus,NA,NA,NA,NA,NA,NA,NA,NA,NA,NA,NA,NA,NA,NA,NA,NA,NA,NA, mas
April-May,Sept-Oct,Sept-Oct,2,430,Cornus,NA,NA,NA,NA,NA,NA,NA,NA,NA,NA,NA,NA,NA,NA,NA,NA,NA,NA, nuttallii
Feb-Mar,Sept,NA,2,430,Cornus,NA,NA,NA,NA,NA,NA,NA,NA,NA,NA,NA,NA,NA,NA,NA,NA,NA,NA, officinalis
late May-July,July-Oct,Sept-Oct,2,430,Cornus,NA,NA,NA,NA,NA,NA,NA,NA,NA,NA,NA,NA,NA,NA,NA,NA,NA,NA, racemosa
May-July,Aug-Sept,NA,2,430,Cornus,NA,NA,NA,NA,NA,NA,NA,NA,NA,NA,NA,NA,NA,NA,NA,NA,NA,NA, rugosa
May-June,Aug-Sept,NA,2,430,Cornus,NA,NA,NA,NA,NA,NA,NA,NA,NA,NA,NA,NA,NA,NA,NA,NA,NA,NA, sanguinea
"May-July, June-Aug (N US)",July-Oct,Oct-winter,2,430,Cornus,NA,NA,NA,NA,NA,NA,NA,NA,NA,NA,NA,NA,NA,NA,NA,NA,NA,NA, sericea
Apr-Aug,July-Nov,NA,2,430,Cornus,NA,NA,NA,NA,NA,NA,NA,NA,NA,NA,NA,NA,NA,NA,NA,NA,NA,NA,sericea ssp. occidentalis
Apr-June,NA,Oct-Nov,3,824,Pinus,NA,NA,NA,"Great Lakes, California",NA,NA,NA,NA,NA,Aug-Oct,NA,NA,NA,NA,NA,NA,NA,NA,resinosa
May,NA,Fall ,3,824,Pinus,NA,NA,NA,New Jersey,NA,NA,NA,NA,NA,Sept,NA,NA,NA,NA,NA,NA,NA,NA,rigida
Feb-Apr,NA,Apr-May,3,824,Pinus,NA,NA,NA,India,NA,NA,NA,NA,NA,Winter,NA,NA,NA,NA,NA,NA,NA,NA,roxburghii
Mar-Apr,NA,Oct Il,3,824,Pinus,NA,NA,NA,California,NA,NA,NA,NA,NA,Oct,NA,NA,NA,NA,NA,NA,NA,NA,sabiniana
Mar-Apr,NA,Spring ,3,824,Pinus,NA,NA,NA,SE US,NA,NA,NA,NA,NA,Sept,NA,NA,NA,NA,NA,NA,NA,NA,serotina
May,NA,Not shed,3,824,Pinus,NA,NA,NA,Russia,NA,NA,NA,NA,NA,Aug-Sept,NA,NA,NA,NA,NA,NA,NA,NA,sibirica
June,NA,Sept-Oct,3,824,Pinus,NA,NA,NA,Arizona,NA,NA,NA,NA,NA,Sep,NA,NA,NA,NA,NA,NA,NA,NA,strobiformis
May-June,NA,Aug-Sept,3,824,Pinus,NA,NA,NA,NE US,NA,NA,NA,NA,NA,Aug-Sept,NA,NA,NA,NA,NA,NA,NA,NA,strobus
May-June,NA,Dec-Mar,3,824,Pinus,NA,NA,NA,"Great Britain, California",NA,NA,NA,NA,NA,Sept-Oct,NA,NA,NA,NA,NA,NA,NA,NA,sylvestris
Feb-Apr,NA,Oct-Dec,3,824,Pinus,NA,NA,NA,SE US,NA,NA,NA,NA,NA,Sept-Oct,NA,NA,NA,NA,NA,NA,NA,NA,taeda
Apr-May,NA,Nov-Dec,3,824,Pinus,NA,NA,NA,"Japan, Long Island",NA,NA,NA,NA,NA,Oct-Nov,NA,NA,NA,NA,NA,NA,NA,NA,thunbergiana
Feb-Mar,NA,Sept II,3,824,Pinus,NA,NA,NA,California,NA,NA,NA,NA,NA,Jun-Jul,NA,NA,NA,NA,NA,NA,NA,NA,torreyana
Mar-May,NA,Oct-Nov ,3,824,Pinus,NA,NA,NA,E US,NA,NA,NA,NA,NA,Sept-Nov,NA,NA,NA,NA,NA,NA,NA,NA,virginiana
Apr-June,NA,Sept-Nov,3,824,Pinus,NA,NA,NA,India,NA,NA,NA,NA,NA,Aug-Oct,NA,NA,NA,NA,NA,NA,NA,NA,wallichiana
July,NA,Sept,3,824,Pinus,NA,NA,NA,"Nevada, California",NA,NA,NA,NA,NA,Aug-Sept,NA,NA,NA,NA,NA,NA,NA,NA,washoensis
May-early June,Sept-Oct,NA,2,300,Berberis,NA,NA,NA,"NE US & Carver Co., Minnesota",NA,NA,NA,NA,NA,NA,Korea,NA,NA,NA,NA,NA,NA,NA,koreana
Apr-June,Oct,NA,2,300,Berberis,NA,NA,NA,Japan,NA,NA,NA,NA,NA,NA,Japan,NA,NA,NA,NA,NA,NA,NA,thunbergii
Mar-Apr,May-Sept,NA,2,300,Berberis,NA,NA,NA,SE US,NA,NA,NA,NA,NA,NA,NA,NA,NA,NA,NA,NA,NA,NA,thunbergii
May-June,Sept-Nov,NA,2,300,Berberis,NA,NA,NA,NE US & Germany,NA,NA,NA,NA,NA,NA,NA,NA,NA,NA,NA,NA,NA,NA,thunbergii
Apr-June,Sept-Oct,NA,2,300,Berberis,NA,NA,NA,NE US & W Europe,NA,NA,NA,NA,NA,NA,Europe t,NA,NA,NA,NA,NA,NA,NA,vulgaris
Mar,May-June,NA,2,451,Crataegus,"Lustrous, scarlet",NA,NA,NA,NA,NA,NA,NA,NA,NA,NA,NA,NA,NA,NA,NA,NA,NA, gestivalis
May,Sept-Oct,NA,2,451,Crataegus,Bright crimson,NA,NA,NA,NA,NA,NA,NA,NA,NA,NA,NA,NA,NA,NA,NA,NA,NA, X anomala
Mar-Apr,Oct,NA,2,451,Crataegus,Orange with red face,NA,NA,NA,NA,NA,NA,NA,NA,NA,NA,NA,NA,NA,NA,NA,NA,NA, berberifolia
Apr-May,Aug,NA,2,451,Crataegus,Bright blue with white wax,NA,NA,NA,NA,NA,NA,NA,NA,NA,NA,NA,NA,NA,NA,NA,NA,NA, brachyacantha
May-June,Sept-Oct,NA,2,451,Crataegus,Red,NA,NA,NA,NA,NA,NA,NA,NA,NA,NA,NA,NA,NA,NA,NA,NA,NA, brainerdii
May-June,Sept-Oct,NA,2,451,Crataegus,Orange-red to red,NA,NA,NA,NA,NA,NA,NA,NA,NA,NA,NA,NA,NA,NA,NA,NA,NA, calpodendron
May-June,Aug-Sept,NA,2,451,Crataegus,Yellow to orange to crimson,NA,NA,NA,NA,NA,NA,NA,NA,NA,NA,NA,NA,NA,NA,NA,NA,NA, chrysocarpa
May,Oct,NA,2,451,Crataegus,"Glossy, dark crimson",NA,NA,NA,NA,NA,NA,NA,NA,NA,NA,NA,NA,NA,NA,NA,NA,NA, coccinoides
June,Oct,NA,2,451,Crataegus,Dull red,NA,NA,NA,NA,NA,NA,NA,NA,NA,NA,NA,NA,NA,NA,NA,NA,NA, crus-galli
May,Sept,NA,2,451,Crataegus,Scarlet with dark spots,NA,NA,NA,NA,NA,NA,NA,NA,NA,NA,NA,NA,NA,NA,NA,NA,NA, dilatata
May,Aug-Sept,NA,2,451,Crataegus,"Lustrous, black to chestnut-brown",NA,NA,NA,NA,NA,NA,NA,NA,NA,NA,NA,NA,NA,NA,NA,NA,NA, douglasii
Apr-May,Oct,NA,2,451,Crataegus,"Red to wine purple, brown, or black",NA,NA,NA,NA,NA,NA,NA,NA,NA,NA,NA,NA,NA,NA,NA,NA,NA, erythropoda
May,Sept,NA,2,451,Crataegus,Crimson,NA,NA,NA,NA,NA,NA,NA,NA,NA,NA,NA,NA,NA,NA,NA,NA,NA, flabellata
Apr,Oct,NA,2,451,Crataegus,Dark orange-brown or yellow,NA,NA,NA,NA,NA,NA,NA,NA,NA,NA,NA,NA,NA,NA,NA,NA,NA, flava
Apr,Oct-Nov,NA,2,451,Crataegus,Bright red,NA,NA,NA,NA,NA,NA,NA,NA,NA,NA,NA,NA,NA,NA,NA,NA,NA, greggiana
May,Oct,NA,2,451,Crataegus,Bright red or orange-red,NA,NA,NA,NA,NA,NA,NA,NA,NA,NA,NA,NA,NA,NA,NA,NA,NA, harbisonii
May-June,Oct,NA,2,451,Crataegus,Greenish or reddish brown,NA,NA,NA,NA,NA,NA,NA,NA,NA,NA,NA,NA,NA,NA,NA,NA,NA,intricata
Apr,Aug,NA,2,451,Crataegus,Dull yellow or orange or red,NA,NA,NA,NA,NA,NA,NA,NA,NA,NA,NA,NA,NA,NA,NA,NA,NA, lacrimata
Apr-May,Sept-Oct,NA,2,451,Crataegus,Deep red,NA,NA,NA,NA,NA,NA,NA,NA,NA,NA,NA,NA,NA,NA,NA,NA,NA,laevigata
Apr-May,Oct,NA,2,451,Crataegus,Bright scarlet,NA,NA,NA,NA,NA,NA,NA,NA,NA,NA,NA,NA,NA,NA,NA,NA,NA,marshallii
May,Aug-Sept,NA,2,451,Crataegus,Scarlet with large dark dots,NA,NA,NA,NA,NA,NA,NA,NA,NA,NA,NA,NA,NA,NA,NA,NA,NA, mollis
May,Sept-Oct,NA,2,451,Crataegus,Bright red,NA,NA,NA,NA,NA,NA,NA,NA,NA,NA,NA,NA,NA,NA,NA,NA,NA,monogyna
May,Oct,NA,2,451,Crataegus,Dull red covered with white wax,NA,NA,NA,NA,NA,NA,NA,NA,NA,NA,NA,NA,NA,NA,NA,NA,NA,nitida
Feb-Mar,May,NA,2,451,Crataegus,Lustrous scarlet with pale dots,NA,NA,NA,NA,NA,NA,NA,NA,NA,NA,NA,NA,NA,NA,NA,NA,NA, opaca
May,Sept,NA,2,451,Crataegus,"Glossy, scarlet",NA,NA,NA,NA,NA,NA,NA,NA,NA,NA,NA,NA,NA,NA,NA,NA,NA,pedicellata
May-June,Oct,NA,2,451,Crataegus,Bright red,NA,NA,NA,NA,NA,NA,NA,NA,NA,NA,NA,NA,NA,NA,NA,NA,NA, persimilis
May,Sept-Oct,NA,2,451,Crataegus,Lustrous scarlet,NA,NA,NA,NA,NA,NA,NA,NA,NA,NA,NA,NA,NA,NA,NA,NA,NA,phaenopyrum
May-June,Aug-Sept,NA,2,451,Crataegus,Salmon-orange to scarlet,NA,NA,NA,NA,NA,NA,NA,NA,NA,NA,NA,NA,NA,NA,NA,NA,NA, piperi
May-June,Oct-Nov,NA,2,451,Crataegus,Dark purple-red,NA,NA,NA,NA,NA,NA,NA,NA,NA,NA,NA,NA,NA,NA,NA,NA,NA,pruinosa
Apr-May,Sept-Oct,NA,2,451,Crataegus,Red,NA,NA,NA,NA,NA,NA,NA,NA,NA,NA,NA,NA,NA,NA,NA,NA,NA,pulcherrima
May-June,Sept-Oct,NA,2,451,Crataegus,Dull red or bright yellow,NA,NA,NA,NA,NA,NA,NA,NA,NA,NA,NA,NA,NA,NA,NA,NA,NA, punctata
May,Oct,NA,2,451,Crataegus,Shiny or dull red,NA,NA,NA,NA,NA,NA,NA,NA,NA,NA,NA,NA,NA,NA,NA,NA,NA,reverchonii
Mar-Apr,June-July,NA,2,451,Crataegus,Red,NA,NA,NA,NA,NA,NA,NA,NA,NA,NA,NA,NA,NA,NA,NA,NA,NA,rufula
May,Oct,NA,2,451,Crataegus,Red to blue-black,NA,NA,NA,NA,NA,NA,NA,NA,NA,NA,NA,NA,NA,NA,NA,NA,NA,saligna
May,Aug-Sept,NA,2,451,Crataegus,Bright red,NA,NA,NA,NA,NA,NA,NA,NA,NA,NA,NA,NA,NA,NA,NA,NA,NA,sanguineat
Apr-May,Sept-Oct,NA,2,451,Crataegus,Red,NA,NA,NA,NA,NA,NA,NA,NA,NA,NA,NA,NA,NA,NA,NA,NA,NA,spathulata
May-June,Sept-Oct,NA,2,451,Crataegus,Bright red,NA,NA,NA,NA,NA,NA,NA,NA,NA,NA,NA,NA,NA,NA,NA,NA,NA,succulenta
Apr-May,Sept-Oct,NA,2,451,Crataegus,Orange-red,NA,NA,NA,NA,NA,NA,NA,NA,NA,NA,NA,NA,NA,NA,NA,NA,NA,tracyi
May,Oct,NA,2,451,Crataegus,"Red, hairy",NA,NA,NA,NA,NA,NA,NA,NA,NA,NA,NA,NA,NA,NA,NA,NA,NA,triflora
Apr-May,Sept-Oct,NA,2,451,Crataegus,Yellow to dull red to brown,NA,NA,NA,NA,NA,NA,NA,NA,NA,NA,NA,NA,NA,NA,NA,NA,NA,uniflora
Apr-May,Sept-Oct,NA,2,451,Crataegus,"Bright red, orange-red, yellow",NA,NA,NA,NA,NA,NA,NA,NA,NA,NA,NA,NA,NA,NA,NA,NA,NA,viridis
June,Aug-Oct,All winter,2,484,Elaeagnus,NA,NA,NA,NA,NA,NA,NA,NA,NA,NA,NA,12-13,NA,NA,NA,NA,NA,NA,angustifolia
June-July,Aug-Sep,Sep-Nov,2,484,Elaeagnus,NA,NA,NA,"Black Hills, South Dakota",NA,NA,NA,NA,NA,NA,NA,8-09,NA,NA,NA,NA,NA,NA,commutata
May-June,Aug-Oct,Sep-Nov,2,484,Elaeagnus,NA,NA,NA,NA,NA,NA,NA,NA,NA,NA,NA,6-08,NA,NA,NA,NA,NA,NA,umbellata
Mar-Apr,Oct-Nov,NA,2,272,Aronia,NA,NA,NA,Texas,NA,NA,NA,NA,NA,NA,NA,NA,NA,NA,NA,NA,NA,NA,arbutifolia
Mar-May,Sept-Oct,NA,2,272,Aronia,NA,NA,NA,West Virginia,NA,NA,NA,NA,NA,NA,NA,NA,NA,NA,NA,NA,NA,NA,arbutifolia
Apr-July,Sept-Nov,NA,2,272,Aronia,NA,NA,NA,North,NA,NA,NA,NA,NA,NA,NA,NA,NA,NA,NA,NA,NA,NA,arbutifolia
Mar-June,Aug,NA,2,272,Aronia,NA,NA,NA,South,NA,NA,NA,NA,NA,NA,NA,NA,NA,NA,NA,NA,NA,NA,melanocarpa
Apr-July,Aug-Oct,NA,2,272,Aronia,NA,NA,NA,North,NA,NA,NA,NA,NA,NA,NA,NA,NA,NA,NA,NA,NA,NA,melanocarpa
June,Sept-Oct,NA,2,272,Aronia,NA,NA,NA,West Virginia,NA,NA,NA,NA,NA,NA,NA,NA,NA,NA,NA,NA,NA,NA,melanocarpa
Apr-July,Aug-Oct,NA,2,272,Aronia,NA,NA,NA,NA,NA,NA,NA,NA,NA,NA,NA,NA,NA,NA,NA,NA,NA,NA,X prunifolia
May-June,Sept,NA,2,735,Morella,Brownish purple with grayish white wax,NA,NA,NA,NA,NA,NA,NA,NA,NA,NA,NA,6,"48,000","22,000",NA,NA,NA,Morella californica
Mar-June,Aug-Oct,NA,2,735,Morella,Light green with pale blue wax,NA,NA,NA,NA,NA,NA,NA,NA,NA,NA,NA,3,"185,000","84,000",NA,NA,NA,Morella cerifera
Variable,Aug-Nov,NA,2,735,Morella,Red to purple,NA,NA,NA,NA,NA,NA,NA,NA,NA,NA,NA,5,NA,NA,NA,NA,NA,Morella faya
Apr-July,Sept-Oct,NA,2,735,Morella,Covered with grayish white wax,NA,NA,NA,NA,NA,NA,NA,NA,NA,NA,NA,4,"121,000","55,000",NA,NA,NA,Myrica pensylvanica
Mar-Apr,Oct,NA,2,735,Morella,Lustrous & dotted with resin,NA,NA,NA,NA,NA,NA,NA,NA,NA,NA,NA,3,NA,NA,NA,NA,NA,Myrica gale
Mar-May,NA,Aug-Oct,2,1095,Taxus,NA,NA,NA,W Europe,NA,NA,NA,NA,NA,NA,NA,NA,NA,NA,NA,Aug-Oct,NA,NA,baccata
Mar-May,NA,July-Oct,2,1095,Taxus,NA,NA,NA,Washington & Oregon,NA,NA,NA,NA,NA,NA,NA,NA,NA,NA,NA,July-Oct,NA,NA,brevifolia
Apr,NA,Aug-Sept,2,1095,Taxus,NA,NA,NA,Minnesota & Wisconsin,NA,NA,NA,NA,NA,NA,NA,NA,NA,NA,NA,Aug-Sept,NA,NA,canadensis
Apr-June,NA,Oct,2,1095,Taxus,NA,NA,NA,Japan,NA,NA,NA,NA,NA,NA,NA,NA,NA,NA,NA,Sept-Oct,NA,NA,cuspidata
Jan-Mar,NA,Aug-Oct,2,1095,Taxus,NA,NA,NA,NW Florida,NA,NA,NA,NA,NA,NA,NA,NA,NA,NA,NA,Aug-Oct,NA,NA,floridana
February-mid-Apr,NA,Late Aug-late Oct,2,893,Pseudotsuga,NA,NA,NA,S California,NA,NA,NA,NA,NA,Early Aug-early Oct,NA,NA,NA,NA,NA,NA,NA,NA,macrocarpa
Mid-Apr-early May,NA,NA,2,893,Pseudotsuga,NA,NA,NA,"Central Colorado (elev. 2,060-2,880 m)",NA,NA,NA,NA,NA,NA,NA,NA,NA,NA,NA,NA,NA,NA,menziesii var. glauca
Late May-early June,NA,Late Aug-mid-Sept,2,893,Pseudotsuga,NA,NA,NA,"Montana (elev. 700-1,700 m)",NA,NA,NA,NA,NA,Late July-early Aug,NA,NA,NA,NA,NA,NA,NA,NA,menziesii var. glauca
Early May-late June,NA,Early Sept,2,893,Pseudotsuga,NA,NA,NA,"Northern Idaho (elev. 820-1,000 m)",NA,NA,NA,NA,NA,Mid-Aug,NA,NA,NA,NA,NA,NA,NA,NA,menziesii var. glauca
Mid-May-mid-June,NA,Mid-Aug-mid-Sept,2,893,Pseudotsuga,NA,NA,NA,Central Oregon,NA,NA,NA,NA,NA,NA,NA,NA,NA,NA,NA,NA,NA,NA,menziesii var. glauca
Late Mar-mid-May,NA,Sept-late Mar,2,893,Pseudotsuga,NA,NA,NA,Coastal British Columbia,NA,NA,NA,NA,NA,Aug,NA,NA,NA,NA,NA,NA,NA,NA,menziesii var. menziesii
Mid-Mar-early Junet,NA,Late Aug-late Mart,2,893,Pseudotsuga,NA,NA,NA,W-central Oregon & W Washington,NA,NA,NA,NA,NA,Aug,NA,NA,NA,NA,NA,NA,NA,NA,menziesii var. menziesii
Early Apr-early May,NA,Mid-Aug,2,893,Pseudotsuga,NA,NA,NA,S Oregon,NA,NA,NA,NA,NA,NA,NA,NA,NA,NA,NA,NA,NA,NA,menziesii var. menziesii
NA,NA,Sept-early winter,2,893,Pseudotsuga,NA,NA,NA,N California,NA,NA,NA,NA,NA,August,NA,NA,NA,NA,NA,NA,NA,NA,menziesii var. menziesii
May-July,July-Sept,Aug-Sept,3,251,Amorpha,NA,NA,NA,NA,NA,NA,NA,NA,NA,NA,NA,NA,NA,NA,NA,NA,NA,NA,californica
June-late July,Aug-Sept,Sept-Oct,3,251,Amorpha,NA,NA,NA,NA,NA,NA,NA,NA,NA,NA,NA,NA,NA,NA,NA,NA,NA,NA,canescens
May-June,Aug,Sept-Oct,3,251,Amorpha,NA,NA,NA,NA,NA,NA,NA,NA,NA,NA,NA,NA,NA,NA,NA,NA,NA,NA,fruticosa
May-July,July,July,3,251,Amorpha,NA,NA,NA,NA,NA,NA,NA,NA,NA,NA,NA,NA,NA,NA,NA,NA,NA,NA,nana
May-June,Sept-Oct,Sept-winter,2,444,Cotoneaster,NA,NA,NA,N Great Plains,NA,NA,NA,NA,NA,NA,NA,NA,NA,NA,NA,NA,NA,NA,acutifolius
May-June,Aug-Sept,Fall-winter,2,444,Cotoneaster,NA,NA,NA,S Michigan,NA,NA,NA,NA,NA,NA,NA,NA,NA,NA,NA,NA,NA,NA,apiculatus
June,Sept-Nov,Sept-winter,2,444,Cotoneaster,NA,NA,NA,NA,NA,NA,NA,NA,NA,NA,NA,NA,NA,NA,NA,NA,NA,NA,horizontalis
May-June,Aug-Sept,NA,2,444,Cotoneaster,NA,NA,NA,Great Plains,NA,NA,NA,NA,NA,NA,NA,NA,NA,NA,NA,NA,NA,NA,integerrimus
May-June,Sept,NA,2,444,Cotoneaster,NA,NA,NA,North Dakota,NA,NA,NA,NA,NA,NA,NA,NA,NA,NA,NA,NA,NA,NA,lucidus
May-June,NA,NA,2,444,Cotoneaster,NA,NA,NA,NA,NA,NA,NA,NA,NA,NA,NA,NA,NA,NA,NA,NA,NA,NA,niger
March-May,Sept-Nov,Sept-Nov (after frost),2,520,Fagus,NA,NA,NA,NA,NA,NA,NA,NA,NA,NA,NA,NA,NA,NA,NA,NA,NA,NA,grandifolia
Apr-May,Sept-Oct,Oct-Nov (after frost),2,520,Fagus,NA,NA,NA,NA,NA,NA,NA,NA,NA,NA,NA,NA,NA,NA,NA,NA,NA,NA,sylvatica
Mar-May,Sept,Sept or Oct-early spring,2,235,Alnus,NA,NA,NA,E US,NA,NA,NA,NA,NA,NA,NA,NA,NA,NA,NA,NA,NA,NA,glutinosa
(can start Jan),Feb-April,NA,2,235,Alnus,NA,NA,NA,S US & England,NA,NA,NA,NA,NA,NA,NA,NA,NA,NA,NA,NA,NA,NA,glutinosa
Mar-May,Sept-Nov,Sept-Dec,2,235,Alnus,NA,NA,NA,Europe,NA,NA,NA,NA,NA,NA,NA,NA,NA,NA,NA,NA,NA,NA,incana
Mar-May,NA,NA,2,235,Alnus,NA,NA,NA,"Canada, US",NA,NA,NA,NA,NA,NA,NA,NA,NA,NA,NA,NA,NA,NA,incana ssp. rugosa
Mar-Apr,Aug-Sept,NA,2,235,Alnus,NA,NA,NA,"Idaho, Montana, Oregon",NA,NA,NA,NA,NA,NA,NA,NA,NA,NA,NA,NA,NA,NA,incana ssp. tenuifolia
NA,Oct-Feb,Oct-Apr,2,235,Alnus,NA,NA,NA,Hawaii,NA,NA,NA,NA,NA,NA,NA,NA,NA,NA,NA,NA,NA,NA,nepalensis
Mar,Late Sept-early Oct,NA,2,235,Alnus,NA,NA,NA,Oregon,NA,NA,NA,NA,NA,NA,NA,NA,NA,NA,NA,NA,NA,NA,rhombifolia
Late winter,Aug-Oct,Sept-Dec,2,235,Alnus,NA,NA,NA,"Washington, Oregon",NA,NA,NA,NA,NA,NA,NA,NA,NA,NA,NA,NA,NA,NA,rubra
early spring,NA,NA,2,235,Alnus,NA,NA,NA,NA,NA,NA,NA,NA,NA,NA,NA,NA,NA,NA,NA,NA,NA,NA,rubra
Feb-May,Late Sept-early Oct,NA,2,235,Alnus,NA,NA,NA,NA,NA,NA,NA,NA,NA,NA,NA,NA,NA,NA,NA,NA,NA,NA,serrulata
Spring,Late Aug-mid-Oct,Soon after ripening,2,235,Alnus,NA,NA,NA,"E US, Alaska",NA,NA,NA,NA,NA,NA,NA,NA,NA,NA,NA,NA,NA,NA,viridis ssp. crispa
Apr-June,Mid Sept-early Oct,Sept-early spring,2,235,Alnus,NA,NA,NA,NA,NA,NA,NA,NA,NA,NA,NA,NA,NA,NA,NA,NA,NA,NA,viridis ssp. crispa
Apr-June,Sept-Dec,NA,2,235,Alnus,NA,NA,NA,"Alaska, W Canada, & NW US",NA,NA,NA,NA,NA,NA,NA,NA,NA,NA,NA,NA,NA,NA,viridis ssp. crispa ssp. sinuata
Apr-May,Sept-Oct,Sept-Oct,2,334,Carya,NA,NA,NA,NA,NA,NA,NA,NA,NA,NA,NA,NA,NA,NA,NA,NA,NA,NA,alba
Mar-May,Sept-Nov,Oct-Dec,2,334,Carya,NA,NA,NA,NA,NA,NA,NA,NA,NA,NA,NA,NA,NA,NA,NA,NA,NA,NA,aquatica
Apr-May,Sept-Oct,Sept-Dec,2,334,Carya,NA,NA,NA,NA,NA,NA,NA,NA,NA,NA,NA,NA,NA,NA,NA,NA,NA,NA,cordiformis
Apr-May,Sept-Oct,Sept-Oct,2,334,Carya,NA,NA,NA,NA,NA,NA,NA,NA,NA,NA,NA,NA,NA,NA,NA,NA,NA,NA,glabra
Mar-May,Sept-Oct,Sept-Oct,2,334,Carya,NA,NA,NA,NA,NA,NA,NA,NA,NA,NA,NA,NA,NA,NA,NA,NA,NA,NA,illinoensis
Apr-June,Sept-Nov,Sept-Oct,2,334,Carya,NA,NA,NA,NA,NA,NA,NA,NA,NA,NA,NA,NA,NA,NA,NA,NA,NA,NA,laciniosa
Apr-May,Sept-Oct,Sept-Oct,2,334,Carya,NA,NA,NA,NA,NA,NA,NA,NA,NA,NA,NA,NA,NA,NA,NA,NA,NA,NA,myristiciformis
Apr-June,Sept-Oct,Sept-Oct,2,334,Carya,NA,NA,NA,NA,NA,NA,NA,NA,NA,NA,NA,NA,NA,NA,NA,NA,NA,NA,ovata
Mar-Apr,Sept-Oct,Sept-Oct,2,334,Carya,NA,NA,NA,NA,NA,NA,NA,NA,NA,NA,NA,NA,NA,NA,NA,NA,NA,NA,pallida
May-mid-June,Mid-Sept-mid-Oct,Mid-Sept-mid-Oct,3,161,Abies,NA,25-45,NA,NA,NA,Europe,NA,NA,NA,NA,NA,NA,NA,NA,NA,NA,25-30,2-3,alba
Late Apr-May,Late Aug,Late Aug-Sept,3,161,Abies,NA,35-65,NA,NA,NA,W Washington & Oregon (150-400),NA,NA,NA,NA,NA,NA,NA,NA,NA,NA,30,3-06,amabilis
Mid-May-June,Mid-Sept,NA,3,161,Abies,NA,NA,NA,NA,NA,"Vancouver Is., British Columbia (500)",NA,NA,NA,NA,NA,NA,NA,NA,NA,NA,NA,NA,amabilis
June,NA,Mid-Sept,3,161,Abies,NA,NA,NA,NA,NA,"Lewis Co., Washington (1,600)",NA,NA,NA,NA,NA,NA,NA,NA,NA,NA,NA,NA,amabilis
Mid-late-May,Late Aug-early Sept,Mid-Sept,3,161,Abies,NA,10-20,NA,NA,NA,NA,NA,NA,NA,NA,NA,NA,NA,NA,NA,NA,20-30,2-04,balsamea
Late Apr-early June,NA,Early Oct,3,161,Abies,NA,NA,NA,NA,NA,Minnesota,NA,NA,NA,NA,NA,NA,NA,NA,NA,NA,NA,NA,balsamea
Late Apr-early May,Late Aug,Mid-Sept,3,161,Abies,NA,10-35,NA,NA,NA,"Sta. Lucia Mtns, Monterey Co., California",NA,NA,NA,NA,NA,NA,NA,NA,NA,NA,NA,3-05,bracteata
May-June,Sept-Oct,Sept-Oct,3,161,Abies,NA,25-60,NA,NA,NA,NA,NA,NA,NA,NA,NA,NA,NA,NA,NA,NA,40,3-09,concolor
Late May,NA,Late Sept-late Oct,3,161,Abies,NA,NA,NA,NA,NA,"Stanislaus NF, California (2,000)",NA,NA,NA,NA,NA,NA,NA,NA,NA,NA,NA,NA,concolor var. lowiana
Mid-May-early June, ,NA,3,161,Abies,NA,NA,NA,NA,NA,"Fremont NF, Oregon (1,600)",NA,NA,NA,NA,NA,NA,NA,NA,NA,NA,NA,NA,concolor var. lowiana
Late Apr-mid-May,Mid-late Oct,Late Oct-early Nov,3,161,Abies,NA,30-45,NA,NA,NA,Japan,NA,NA,NA,NA,NA,NA,NA,NA,NA,NA,NA,4-06,firma
Mid-May-early June,Sept-mid-Oct,Sept-early Nov,3,161,Abies,NA,10-25,NA,NA,NA,"Roan Mtn, North Carolina",NA,NA,NA,NA,NA,NA,NA,NA,NA,NA,15,3,fraseri
Mid-June,Aug,Early Sept,3,161,Abies,NA,35-65,NA,NA,NA,"Northern Idaho (750-1,100)",NA,NA,NA,NA,NA,NA,NA,NA,NA,NA,20,2-03,grandis
Mid-April-mid-May,NA,Late Aug-mid-Sept,3,161,Abies,NA,NA,NA,NA,NA,W Washington & Oregon (100-400),NA,NA,NA,NA,NA,NA,NA,NA,NA,NA,NA,NA,grandis
Early-mid-June, ,Early Oct,3,161,Abies,NA,NA,NA,NA,NA,"Linn Co., Oregon (1,600)",NA,NA,NA,NA,NA,NA,NA,NA,NA,NA,NA,NA,grandis
Late March-early Apr, ,NA,3,161,Abies,NA,NA,NA,NA,NA,"Mendocino Co., California (65)",NA,NA,NA,NA,NA,NA,NA,NA,NA,NA,NA,NA,grandis
NA,Oct-mid-Dec,Nov-mid-Dec,3,161,Abies,NA,20-30,NA,NA,NA,"Guatemala, S Mexico, Honduras, & El Salvador",NA,NA,NA,NA,NA,NA,NA,NA,NA,NA,NA,2-03,guatemalensis
Mid-May-mid-June,Mid-late Sept,Mid-late Sept,3,161,Abies,NA,20-30,NA,NA,NA,Japan,NA,NA,NA,NA,NA,NA,NA,NA,NA,NA,NA,5-07,homolepis
Late June,Mid-Sept-early Oct,Late Sept-early Oct,3,161,Abies,NA,10-35,NA,NA,NA,"San Francisco Peaks, Coconino Co., Arizona",NA,NA,NA,NA,NA,NA,NA,NA,NA,NA,50,2-03,lasiocarpa
Late June-early July,Mid-Aug,Mid-Sept,3,161,Abies,NA,10-35,NA,NA,NA,Northern Idaho (950),NA,NA,NA,NA,NA,NA,NA,NA,NA,NA,20,2-04,lasiocarpa
Early-mid-July,Late Aug,Early Sept,3,161,Abies,NA,NA,NA,NA,NA,"Eastern Montana (2,100)",NA,NA,NA,NA,NA,NA,NA,NA,NA,NA,NA,NA,lasiocarpa
Late May-early July,NA,Early Oct,3,161,Abies,NA,NA,NA,NA,NA,"Linn County, Oregon (1,750)",NA,NA,NA,NA,NA,NA,NA,NA,NA,NA,NA,NA,lasiocarpa
Late May-early June,Aug,Sept-Oct,3,161,Abies,NA,30-55,NA,NA,NA,NA,NA,NA,NA,NA,NA,NA,NA,NA,NA,NA,35-45,2-03,magnifica
Mid-late June,Mid-late Sept,Late Sept-early Oct,3,161,Abies,NA,10-25,NA,NA,NA,Japan,NA,NA,NA,NA,NA,NA,NA,NA,NA,NA,NA,5-07,mariesii
NA,May,Sept-Oct,3,161,Abies,NA,40-60,NA,NA,NA,NA,NA,NA,NA,NA,NA,NA,NA,NA,NA,NA,30-40,2-03,nordmanniana
NA,After Oct 1,NA,3,161,Abies,NA,NA,NA,NA,NA,Russian Georgia,NA,NA,NA,NA,NA,NA,NA,NA,NA,NA,NA,NA,nordmanniana
Late Apr-mid-May,Sept-early Oct,Oct-Nov,3,161,Abies,NA,NA,NA,NA,NA,Himalayas,NA,NA,NA,NA,NA,NA,NA,NA,NA,NA,30-40,2-04,pindrow 
NA,NA,NA,3,161,Abies,NA,NA,NA,NA,NA,Czech Republic & Soslovakia,NA,NA,NA,NA,NA,NA,NA,NA,NA,NA,50,NA,pinsapo
June,Mid-late Sept,Early Oct,3,161,Abies,NA,45-80,NA,NA,NA,"Benton & Linn Cos., Oregon (1,350-1,550)",NA,NA,NA,NA,NA,NA,NA,NA,NA,NA,12-15,3-06,procera
June-early July,Late Sept,Early Oct,3,161,Abies,NA,NA,NA,NA,NA,"Lewis Co., Washington (1,600)",NA,NA,NA,NA,NA,NA,NA,NA,NA,NA,NA,NA,procera
May-June,Sept-Oct,Oct,3,161,Abies,NA,NA,NA,NA,NA,"Hokkaido, Japan",NA,NA,NA,NA,NA,NA,NA,NA,NA,NA,NA,2-04,A sachalinensis
Mid-late June,Late Sept,Late Sept-mid-Oct,3,161,Abies,NA,30-55,NA,NA,NA,"SW Oregon (1,850-2,000)",NA,NA,NA,NA,NA,NA,NA,NA,NA,NA,30-40,2-03,X shastensis
NA,Late Sept,Early-mid-Oct,3,161,Abies,NA,NA,NA,NA,NA,"N. California coast ranges (2,000)",NA,NA,NA,NA,NA,NA,NA,NA,NA,NA,NA,NA,X shastensis
NA,NA,Mid-Oct,3,161,Abies,NA,NA,NA,NA,NA,"Shasta Co., California (1,700-2,000)",NA,NA,NA,NA,NA,NA,NA,NA,NA,NA,NA,NA,X shastensis
NA,NA,NA,3,161,Abies,NA,NA,NA,NA,NA,W Siberia,NA,NA,NA,NA,NA,NA,NA,NA,NA,NA,NA,2-08,sibirica
June,Sept-early Oct,Sept-Oct,3,161,Abies,NA,20-25,NA,NA,NA,Japan,NA,NA,NA,NA,NA,NA,NA,NA,NA,NA,30,5-06,veitchii
Sept-Oct,Sept-Oct,Oct,2,293,Baccharis,NA,NA,NA,NA,NA,NA,NA,NA,NA,NA,NA,NA,NA,NA,NA,NA,NA,NA,angustifolia
July-Oct,Sept-Dec,Fall,2,293,Baccharis,NA,NA,NA,NA,NA,NA,NA,NA,NA,NA,NA,NA,NA,NA,NA,NA,NA,NA,pilularis
May-July,May-July,May-July,2,293,Baccharis,NA,NA,NA,NA,NA,NA,NA,NA,NA,NA,NA,NA,NA,NA,NA,NA,NA,NA,salicifolia
Mar-May,July-early autumn,NA,3,375,Cercis,NA,NA,NA,NA,NA,NA,NA,Magenta-purplish pink,NA,NA,NA,NA,NA,NA,NA,NA,NA,NA,canadensis
Mar-Apr,Aug-Sept,NA,3,375,Cercis,NA,NA,NA,NA,NA,NA,NA,Magenta pink,NA,NA,NA,NA,NA,NA,NA,NA,NA,NA,canadensis var. texensis
Feb-May,July-Sept,NA,3,375,Cercis,NA,NA,NA,NA,NA,NA,NA,Magenta pink-reddish purple,NA,NA,NA,NA,NA,NA,NA,NA,NA,NA,orbiculata
